insert into user_entity (id,account_non_expired, account_non_locked, credentials_non_expired, enabled, full_name, username, password, avatar, email, reputation, created_at, last_password_change_at, banned) values ('1b257813-0195-43ab-9a3c-f1b08ab4c5a9',true, true, true,true, 'Paquito programador', 'Programer12', '{bcrypt}$2a$12$mLpix4ldpNRePczH1ozXJeE3NbWkPP1HgMRsuY9WF34JuUio4NcUK', 'mandarina.jpg','javieribarra@gmail.com',5000, '2022-12-12','2022-12-12', false);
insert into user_roles (user_id, roles) values ('1b257813-0195-43ab-9a3c-f1b08ab4c5a9', 0)

insert into user_entity (id,account_non_expired, account_non_locked, credentials_non_expired, enabled, full_name, username, password, avatar, email, reputation, created_at, last_password_change_at, banned) values ('73fcb043-b1a1-4ba8-af88-4ad3abcf2021',true, true, true,true, 'Paquito programador2', 'Programer13', '{bcrypt}$2a$12$mLpix4ldpNRePczH1ozXJeE3NbWkPP1HgMRsuY9WF34JuUio4NcUK', 'mandarina.jpg','javieribarra2@gmail.com',100, '2022-12-12','2022-12-12', true);
insert into user_roles (user_id, roles) values ('73fcb043-b1a1-4ba8-af88-4ad3abcf2021', 1)

insert into user_entity (id,account_non_expired, account_non_locked, credentials_non_expired, enabled, full_name, username, password, avatar, email, reputation, created_at, last_password_change_at, banned) values ('a793756c-dc3d-4ce1-974e-97139c3e8664',true, true, true,true, 'Paquito programador3', 'Programer14', '{bcrypt}$2a$12$mLpix4ldpNRePczH1ozXJeE3NbWkPP1HgMRsuY9WF34JuUio4NcUK', 'mandarina.jpg','javieribarra3@gmail.com',150, '2022-12-12','2022-12-12', false);
insert into user_roles (user_id, roles) values ('a793756c-dc3d-4ce1-974e-97139c3e8664', 0)

insert into user_entity (id,account_non_expired, account_non_locked, credentials_non_expired, enabled, full_name, username, password, avatar, email, reputation, created_at, last_password_change_at, banned) values ('06366e0f-1475-4046-8b6d-cf6aa9c81d64',true, true, true,true, 'Paquito programador4', 'Programer15', '{bcrypt}$2a$12$mLpix4ldpNRePczH1ozXJeE3NbWkPP1HgMRsuY9WF34JuUio4NcUK', 'mandarina.jpg','javieribarra4@gmail.com',250, '2022-12-12','2022-12-12', false);
insert into user_roles (user_id, roles) values ('06366e0f-1475-4046-8b6d-cf6aa9c81d64', 0)

insert into user_entity (id,account_non_expired, account_non_locked, credentials_non_expired, enabled, full_name, username, password, avatar, email, reputation, created_at, last_password_change_at, banned) values ('eb17bba4-b1ee-4be9-826c-02b6036c518f',true, true, true,true, 'Paquito programador5', 'Programer16', '{bcrypt}$2a$12$mLpix4ldpNRePczH1ozXJeE3NbWkPP1HgMRsuY9WF34JuUio4NcUK', 'mandarina.jpg','javieribarra5@gmail.com',100, '2022-12-12','2022-12-12', true);
insert into user_roles (user_id, roles) values ('eb17bba4-b1ee-4be9-826c-02b6036c518f', 0)

insert into user_entity (id,account_non_expired, account_non_locked, credentials_non_expired, enabled, full_name, username, password, avatar, email, reputation, created_at, last_password_change_at, banned) values ('3723defb-3622-4ba0-aef0-810b1970215e',true, true, true,true, 'Paquito programador6', 'Programer17', '{bcrypt}$2a$12$mLpix4ldpNRePczH1ozXJeE3NbWkPP1HgMRsuY9WF34JuUio4NcUK', 'mandarina.jpg','javieribarra6@gmail.com',300, '2022-12-12','2022-12-12', false);
insert into user_roles (user_id, roles) values ('3723defb-3622-4ba0-aef0-810b1970215e', 0)

insert into user_entity (id,account_non_expired, account_non_locked, credentials_non_expired, enabled, full_name, username, password, avatar, email, reputation, created_at, last_password_change_at, banned) values ('5caee560-7797-46b4-85aa-b46ca8eeaf85',true, true, true,true, 'Paquito programador7', 'Programer18', '{bcrypt}$2a$12$mLpix4ldpNRePczH1ozXJeE3NbWkPP1HgMRsuY9WF34JuUio4NcUK', 'mandarina.jpg','javieribarra7@gmail.com',1500, '2022-12-12','2022-12-12', false);
insert into user_roles (user_id, roles) values ('5caee560-7797-46b4-85aa-b46ca8eeaf85', 0)

-- A PARTIR DE AHORA SON INSERT INTO DE QUESTION


-- A PARTIR DE AHORA SON INSERT INTO DE QUESTION

insert into question ( owner_id, created_at, title, content, url_img) values ( '3723defb-3622-4ba0-aef0-810b1970215e', '2023-01-25 16:55:36', 'Orn Inc', 'Unsp inj flxr musc/fasc/tend l rng fngr at wrs/hnd lv, subs', 'mandarina.jpg');
insert into question (owner_id, created_at, title, content, url_img) values ( 'eb17bba4-b1ee-4be9-826c-02b6036c518f', '2022-08-25 03:52:06', 'Fritsch Group', 'Nondisp fx of 4th metatarsal bone, r ft, 7thK', 'mandarina.jpg');
insert into question (owner_id, created_at, title, content, url_img) values ( '3723defb-3622-4ba0-aef0-810b1970215e', '2022-07-13 04:30:11', 'Schinner-Reilly', 'Arthropathy following intestinal bypass, unsp shoulder', 'mandarina.jpg');
insert into question (owner_id, created_at, title, content, url_img) values ( 'eb17bba4-b1ee-4be9-826c-02b6036c518f', '2023-05-01 10:29:23', 'Bauch, Ullrich and Kuvalis', 'Complete traumatic amputation at left hip joint, sequela', 'mandarina.jpg');
insert into question (owner_id, created_at, title, content, url_img) values ('eb17bba4-b1ee-4be9-826c-02b6036c518f', '2022-09-02 19:13:30', 'Gorczany, Farrell and Hackett', 'Displ osteochon fx unsp patella, 7thQ', 'mandarina.jpg');
insert into question (owner_id, created_at, title, content, url_img) values ( 'eb17bba4-b1ee-4be9-826c-02b6036c518f', '2022-08-14 13:27:14', 'Steuber, Gusikowski and Skiles', 'Nondisp spiral fx shaft of unsp femr, 7thK', 'mandarina.jpg');
insert into question (owner_id, created_at, title, content, url_img) values ('73fcb043-b1a1-4ba8-af88-4ad3abcf2021', '2022-06-26 08:23:19', 'Stehr, Runolfsson and Price', 'Dislocation of C0/C1 cervical vertebrae, subs encntr', 'mandarina.jpg');
insert into question (owner_id, created_at, title, content, url_img) values ( 'eb17bba4-b1ee-4be9-826c-02b6036c518f', '2022-07-15 10:16:26', 'Larkin LLC', 'Superficial foreign body of anus', 'mandarina.jpg');
insert into question (owner_id, created_at, title, content, url_img) values ( 'eb17bba4-b1ee-4be9-826c-02b6036c518f', '2023-05-21 23:50:55', 'Cole LLC', 'Poisoning by bactericidal antibiotics, undetermined', 'mandarina.jpg');
insert into question (owner_id, created_at, title, content, url_img) values ( 'eb17bba4-b1ee-4be9-826c-02b6036c518f', '2022-10-12 17:36:42', 'Strosin, Hirthe and Armstrong', 'Nondisp fx of med malleolus of l fibula, 7thM', 'mandarina.jpg');
insert into question (owner_id, created_at, title, content, url_img) values ( 'eb17bba4-b1ee-4be9-826c-02b6036c518f', '2022-07-27 09:47:13', 'Wisozk, Buckridge and Bogisich', 'Toxic effect of unsp petroleum products, assault', 'mandarina.jpg');
insert into question (owner_id, created_at, title, content, url_img) values ( 'eb17bba4-b1ee-4be9-826c-02b6036c518f', '2022-11-15 07:41:51', 'Champlin, Davis and Hills', 'Burn of second degree of right hip, subs encntr', 'mandarina.jpg');
insert into question (owner_id, created_at, title, content, url_img) values ( 'eb17bba4-b1ee-4be9-826c-02b6036c518f', '2022-07-01 20:34:27', 'Hegmann, Hessel and Barton', 'Type 1 fracture of upper epiphysis (separation) of unsp ulna, subs', 'mandarina.jpg');
insert into question (owner_id, created_at, title, content, url_img) values ( 'eb17bba4-b1ee-4be9-826c-02b6036c518f', '2022-07-24 08:57:32', 'Senger-Conn', 'Displaced transverse fracture of shaft of humerus, right arm', 'mandarina.jpg');
insert into question (owner_id, created_at, title, content, url_img) values ( 'eb17bba4-b1ee-4be9-826c-02b6036c518f', '2022-09-11 12:04:02', 'Tillman-Dare', 'Oth fx shaft of unsp fibula, subs for opn fx type 3A/B/C w routn heal', 'mandarina.jpg');
insert into question (owner_id, created_at, title, content, url_img) values ('eb17bba4-b1ee-4be9-826c-02b6036c518f', '2023-02-02 06:37:52', 'Kertzmann, Lemke and Padberg', 'Unspecified traumatic arthropathy, right elbow', 'mandarina.jpg');
insert into question (owner_id, created_at, title, content, url_img) values ('eb17bba4-b1ee-4be9-826c-02b6036c518f', '2022-12-29 04:15:18', 'Cremin, Weimann and Fritsch', 'Nondisp fx of neck of right fibula, 7thL', 'mandarina.jpg');
insert into question (owner_id, created_at, title, content, url_img) values ('eb17bba4-b1ee-4be9-826c-02b6036c518f', '2022-08-07 02:47:57', 'McLaughlin, Bogan and Stroman', 'Displaced segmental fx shaft of radius, right arm', 'mandarina.jpg');
insert into question (owner_id, created_at, title, content, url_img) values ( 'eb17bba4-b1ee-4be9-826c-02b6036c518f', '2022-12-12 09:32:46', 'Rogahn, Moen and Klocko', 'Pathological fracture, unspecified ulna, subsequent encounter for fracture with malunion', 'mandarina.jpg');
insert into question (owner_id, created_at, title, content, url_img) values ( 'eb17bba4-b1ee-4be9-826c-02b6036c518f', '2023-04-27 11:26:35', 'Stracke, Herzog and Bartoletti', 'Displ fx of neck of unsp metacarpal bone, subs for fx w routn heal', 'mandarina.jpg');
insert into question (owner_id, created_at, title, content, url_img) values ( 'eb17bba4-b1ee-4be9-826c-02b6036c518f', '2022-10-30 19:00:20', 'Skiles and Sons', 'Nondisp fx of neck of unsp fibula, init for opn fx type I/2/3A/C', 'mandarina.jpg');
insert into question (owner_id, created_at, title, content, url_img) values ( 'eb17bba4-b1ee-4be9-826c-02b6036c518f', '2023-03-21 01:38:58', 'Kozey, Klein and Mante', 'Torus fracture of upper end of right tibia, initial encounter for closed fracture', 'mandarina.jpg');
insert into question (owner_id, created_at, title, content, url_img) values ('eb17bba4-b1ee-4be9-826c-02b6036c518f', '2022-11-26 22:07:31', 'Jaskolski, Kris and Kuphal', 'Poisoning by antihyperlipidemic, antiarteriosclerotic and antisclerotic drugs, accidental', 'mandarina.jpg');
insert into question (owner_id, created_at, title, content, url_img) values ( 'eb17bba4-b1ee-4be9-826c-02b6036c518f', '2023-02-18 04:50:59', 'Maggio Inc', 'Other fractures of lower end of right radius, sequela', 'mandarina.jpg');
insert into question (owner_id, created_at, title, content, url_img) values ('eb17bba4-b1ee-4be9-826c-02b6036c518f', '2022-07-11 18:10:11', 'Wisozk LLC', 'Unspecified physeal fracture of right femur, 7thJ', 'mandarina.jpg');
insert into question (owner_id, created_at, title, content, url_img) values ( 'eb17bba4-b1ee-4be9-826c-02b6036c518f', '2022-08-22 20:15:47', 'Herman-Becker', 'Unspecified physeal fracture of upper end of left tibia, sequela', 'mandarina.jpg');
insert into question (owner_id, created_at, title, content, url_img) values ( 'eb17bba4-b1ee-4be9-826c-02b6036c518f', '2023-01-05 06:08:37', 'Fritsch, Aufderhar and Williamson', 'Burst fracture of T10-T11 vertebra, subs for fx w routn heal', 'mandarina.jpg');
insert into question (owner_id, created_at, title, content, url_img) values ( 'eb17bba4-b1ee-4be9-826c-02b6036c518f', '2023-04-04 16:26:41', 'Mante, Murazik and Mills', 'Nondisp commnt fx shaft of r fibula, subs for fx w routn heal', 'mandarina.jpg');
insert into question (owner_id, created_at, title, content, url_img) values ( 'eb17bba4-b1ee-4be9-826c-02b6036c518f', '2022-12-08 06:46:50', 'Goldner-Muller', 'Sltr-haris interbod fix-dev icd10', 'mandarina.jpg');
insert into question (owner_id, created_at, title, content, url_img) values ( 'eb17bba4-b1ee-4be9-826c-02b6036c518f', '2022-08-29 07:23:03', 'Pollich, Hoppe and Durgan', 'Unspecified physeal fracture of lower end of left femur, sequela', 'mandarina.jpg');

--ANSWERS

insert into answer (publisher_id, created_at, content, url_img, question_id) values ('1b257813-0195-43ab-9a3c-f1b08ab4c5a9', '2022-07-31 10:58:14', 'Inj musc/tend the rotator cuff of right shoulder, init', '', 3);
insert into answer (publisher_id, created_at, content, url_img, question_id) values ( '1b257813-0195-43ab-9a3c-f1b08ab4c5a9', '2023-03-09 18:09:16', 'Disp fx of head of right radius, subs for clos fx w malunion', '', 22);
insert into answer (publisher_id, created_at, content, url_img, question_id) values ( 'a793756c-dc3d-4ce1-974e-97139c3e8664', '2023-01-11 01:19:33', 'Drown d/t thrown ovrbrd by motion of unsp wtrcrft, sqla', '', 28);
insert into answer (publisher_id, created_at, content, url_img, question_id) values ( '3723defb-3622-4ba0-aef0-810b1970215e', '2023-05-07 21:11:46', 'Fracture of unspecified part of body of left mandible, 7thD', '', 15);
insert into answer (publisher_id, created_at, content, url_img, question_id) values ( '73fcb043-b1a1-4ba8-af88-4ad3abcf2021', '2023-04-03 16:50:12', 'Plasma cell leukemia', '', 24);
insert into answer (publisher_id, created_at, content, url_img, question_id) values ( 'a793756c-dc3d-4ce1-974e-97139c3e8664', '2022-11-05 12:08:45', 'Path fx in neopltc disease, r ulna, subs for fx w nonunion', '', 16);
insert into answer (publisher_id, created_at, content, url_img, question_id) values ( 'a793756c-dc3d-4ce1-974e-97139c3e8664', '2022-10-08 06:06:29', 'Pasngr in pk-up/van inj in clsn w statnry obj in traf, subs', '', 27);
insert into answer (publisher_id, created_at, content, url_img, question_id) values ( 'eb17bba4-b1ee-4be9-826c-02b6036c518f', '2022-06-30 18:20:59', 'Complete traumatic amputation of right lower leg, level unsp', '', 8);
insert into answer (publisher_id, created_at, content, url_img, question_id) values ( '5caee560-7797-46b4-85aa-b46ca8eeaf85', '2022-06-28 10:34:19', 'Person outsd bus inj in clsn w nonmtr vehicle in traf, subs', '', 5);
insert into answer (publisher_id, created_at, content, url_img, question_id) values ( '1b257813-0195-43ab-9a3c-f1b08ab4c5a9', '2023-04-06 07:58:28', 'Nondisp transverse fracture of shaft of right fibula, init', '', 16);
insert into answer (publisher_id, created_at, content, url_img, question_id) values ( 'a793756c-dc3d-4ce1-974e-97139c3e8664', '2022-12-26 08:49:05', 'Pedl cyc driver inj pick-up truck, pk-up/van nontraf, subs', '', 15);
insert into answer (publisher_id, created_at, content, url_img, question_id) values ('3723defb-3622-4ba0-aef0-810b1970215e', '2023-03-07 21:21:17', 'Other superficial bite, right lower leg, subs encntr', '', 26);
insert into answer (publisher_id, created_at, content, url_img, question_id) values ( '73fcb043-b1a1-4ba8-af88-4ad3abcf2021', '2022-08-10 00:23:21', 'Oth industrial and construction area as place', '', 28);
insert into answer (publisher_id, created_at, content, url_img, question_id) values ( '5caee560-7797-46b4-85aa-b46ca8eeaf85', '2023-04-23 10:30:52', 'Superficial foreign body of unsp upper arm, subs encntr', '', 21);
insert into answer (publisher_id, created_at, content, url_img, question_id) values ( 'a793756c-dc3d-4ce1-974e-97139c3e8664', '2022-07-16 21:22:48', 'Corros unsp deg mult fingers (nail), not including thumb', '', 16);
insert into answer (publisher_id, created_at, content, url_img, question_id) values ('73fcb043-b1a1-4ba8-af88-4ad3abcf2021', '2022-08-28 03:44:06', 'Partial traumatic transmetcrpl amputation of unsp hand, init', '', 6);
insert into answer (publisher_id, created_at, content, url_img, question_id) values ( '06366e0f-1475-4046-8b6d-cf6aa9c81d64', '2023-03-20 10:16:04', 'Sudden visual loss', '', 5);
insert into answer (publisher_id, created_at, content, url_img, question_id) values ( '06366e0f-1475-4046-8b6d-cf6aa9c81d64', '2022-11-08 14:30:22', 'Corrosion of unsp degree of right shoulder, subs encntr', '', 30);
insert into answer (publisher_id, created_at, content, url_img, question_id) values ( '3723defb-3622-4ba0-aef0-810b1970215e', '2022-07-29 22:10:17', 'Laceration w foreign body of finger w damage to nail, init', '', 23);
insert into answer (publisher_id, created_at, content, url_img, question_id) values ( 'eb17bba4-b1ee-4be9-826c-02b6036c518f', '2023-05-13 17:44:48', 'Personal history of malignant neoplasm of small intestine', '', 6);
insert into answer (publisher_id, created_at, content, url_img, question_id) values ('1b257813-0195-43ab-9a3c-f1b08ab4c5a9', '2022-09-07 16:54:31', 'Displ seg fx shaft of ulna, r arm, 7thE', '', 4);
insert into answer (publisher_id, created_at, content, url_img, question_id) values ( '5caee560-7797-46b4-85aa-b46ca8eeaf85', '2022-06-17 11:55:32', 'Chondromalacia, right hip', '', 16);
insert into answer (publisher_id, created_at, content, url_img, question_id) values ( 'a793756c-dc3d-4ce1-974e-97139c3e8664', '2022-12-22 21:03:34', 'Displacement of umbrella device, sequela', '', 3);
insert into answer (publisher_id, created_at, content, url_img, question_id) values ( 'eb17bba4-b1ee-4be9-826c-02b6036c518f', '2023-03-12 14:45:53', 'Poisoning by oth bacterial vaccines, accidental', '', 13);
insert into answer (publisher_id, created_at, content, url_img, question_id) values ( 'eb17bba4-b1ee-4be9-826c-02b6036c518f', '2022-09-03 00:42:44', 'Non-pressure chronic ulcer of left ankle w necrosis of bone', '', 12);
insert into answer (publisher_id, created_at, content, url_img, question_id) values ( 'a793756c-dc3d-4ce1-974e-97139c3e8664', '2023-04-19 03:26:37', 'Fall from, out of or through bridge', '', 17);
insert into answer (publisher_id, created_at, content, url_img, question_id) values ( '73fcb043-b1a1-4ba8-af88-4ad3abcf2021', '2022-08-28 08:04:54', 'Poisoning by keratolyt/keratplst/hair trmt drug, undet', '', 23);
insert into answer (publisher_id, created_at, content, url_img, question_id) values ( 'eb17bba4-b1ee-4be9-826c-02b6036c518f', '2023-06-07 16:43:35', 'Acute myringitis, bilateral', '', 14);
insert into answer (publisher_id, created_at, content, url_img, question_id) values ( '1b257813-0195-43ab-9a3c-f1b08ab4c5a9', '2023-02-25 05:06:31', 'Legal intervention involving bayonet, suspect injured, init', '', 16);
insert into answer (publisher_id, created_at, content, url_img, question_id) values ( '5caee560-7797-46b4-85aa-b46ca8eeaf85', '2022-07-23 15:33:04', 'Inj extn musc/fasc/tend at forearm level, left arm, sequela', '', 8);
insert into answer (publisher_id, created_at, content, url_img, question_id) values ( '3723defb-3622-4ba0-aef0-810b1970215e', '2022-12-21 09:23:53', 'Unsp open wound of unsp lesser toe(s) w damage to nail, subs', '', 13);
insert into answer (publisher_id, created_at, content, url_img, question_id) values ( '5caee560-7797-46b4-85aa-b46ca8eeaf85', '2023-03-27 03:35:23', 'Personal history of in utero procedure', '', 27);
insert into answer (publisher_id, created_at, content, url_img, question_id) values ( 'eb17bba4-b1ee-4be9-826c-02b6036c518f', '2023-01-13 08:50:34', 'Displacement of gastrointestinal prosth dev/grft, sequela', '', 6);
insert into answer (publisher_id, created_at, content, url_img, question_id) values ( 'a793756c-dc3d-4ce1-974e-97139c3e8664', '2023-04-21 14:01:41', 'Injury of thoracic sympathetic nervous system, sequela', '', 20);
insert into answer (publisher_id, created_at, content, url_img, question_id) values ( '5caee560-7797-46b4-85aa-b46ca8eeaf85', '2022-11-04 08:29:07', 'Insect bite (nonvenomous), left lesser toe(s), sequela', '', 28);
insert into answer (publisher_id, created_at, content, url_img, question_id) values ( '06366e0f-1475-4046-8b6d-cf6aa9c81d64', '2023-02-09 04:57:57', 'Disp fx of lateral end unsp clavicle, subs for fx w nonunion', '', 19);
insert into answer (publisher_id, created_at, content, url_img, question_id) values ( '06366e0f-1475-4046-8b6d-cf6aa9c81d64', '2023-04-23 06:25:28', 'Corrosion of first degree of left ear, sequela', '', 25);
insert into answer (publisher_id, created_at, content, url_img, question_id) values ( '5caee560-7797-46b4-85aa-b46ca8eeaf85', '2023-02-27 18:42:51', 'Jumping or diving into natural body of water striking bottom', '', 16);
insert into answer (publisher_id, created_at, content, url_img, question_id) values ( 'a793756c-dc3d-4ce1-974e-97139c3e8664', '2022-07-17 13:43:25', 'Oth meniscus derang, posterior horn of lat mensc, unsp knee', '', 30);
insert into answer (publisher_id, created_at, content, url_img, question_id) values ( 'a793756c-dc3d-4ce1-974e-97139c3e8664', '2022-09-10 19:09:50', 'Unsp physeal fracture of lower end of right femur, init', '', 10);
insert into answer (publisher_id, created_at, content, url_img, question_id) values ( '06366e0f-1475-4046-8b6d-cf6aa9c81d64', '2022-06-23 23:26:44', 'Contusion of bronchus, bilateral, initial encounter', '', 5);
insert into answer (publisher_id, created_at, content, url_img, question_id) values ( 'a793756c-dc3d-4ce1-974e-97139c3e8664', '2022-11-10 21:40:23', 'Toxic effect of carbon tetrachloride, accidental, subs', '', 21);
insert into answer (publisher_id, created_at, content, url_img, question_id) values ( 'eb17bba4-b1ee-4be9-826c-02b6036c518f', '2022-09-14 08:43:51', 'Unsp nephritic syndrome w diffuse mesangiocap glomrlneph', '', 11);
insert into answer (publisher_id, created_at, content, url_img, question_id) values ( '73fcb043-b1a1-4ba8-af88-4ad3abcf2021', '2023-02-22 06:04:12', 'Burn of third degree of unspecified shoulder', '', 6);
insert into answer (publisher_id, created_at, content, url_img, question_id) values ( '73fcb043-b1a1-4ba8-af88-4ad3abcf2021', '2023-02-13 10:23:07', 'Fracture of symphysis of mandible, subs for fx w delay heal', '', 6);
insert into answer (publisher_id, created_at, content, url_img, question_id) values ( 'eb17bba4-b1ee-4be9-826c-02b6036c518f', '2022-12-19 02:54:13', 'Displ unsp condyle fx low end l femr, 7thQ', '', 8);
insert into answer (publisher_id, created_at, content, url_img, question_id) values ('73fcb043-b1a1-4ba8-af88-4ad3abcf2021', '2022-10-05 01:29:16', 'Diseases of the nervous system complicating childbirth', '', 6);
insert into answer (publisher_id, created_at, content, url_img, question_id) values ( 'a793756c-dc3d-4ce1-974e-97139c3e8664', '2022-10-21 21:28:01', 'Frostbite with tissue necrosis of thorax, sequela', '', 17);
insert into answer (publisher_id, created_at, content, url_img, question_id) values ( 'eb17bba4-b1ee-4be9-826c-02b6036c518f', '2022-11-18 13:40:49', 'Maternal care for oth isoimmunization, unsp trimester, unsp', '', 6);
insert into answer (publisher_id, created_at, content, url_img, question_id) values ( 'eb17bba4-b1ee-4be9-826c-02b6036c518f', '2022-09-17 00:28:28', 'Burn of first degree of right lower leg, sequela', '', 21);
insert into answer (publisher_id, created_at, content, url_img, question_id) values ( '3723defb-3622-4ba0-aef0-810b1970215e', '2023-01-12 08:19:28', 'Displaced segmental fracture of shaft of right tibia', '', 9);
insert into answer (publisher_id, created_at, content, url_img, question_id) values ( '3723defb-3622-4ba0-aef0-810b1970215e', '2022-12-25 23:44:15', 'Fall/lying/running bef/into moving obj, undet intent, init', '', 27);
insert into answer (publisher_id, created_at, content, url_img, question_id) values ( '1b257813-0195-43ab-9a3c-f1b08ab4c5a9', '2022-07-18 17:04:40', 'Morquio mucopolysaccharidoses, unspecified', '', 6);
insert into answer (publisher_id, created_at, content, url_img, question_id) values ('73fcb043-b1a1-4ba8-af88-4ad3abcf2021', '2023-06-03 13:05:13', 'Injury of esophagus (thoracic part)', '', 16);
insert into answer (publisher_id, created_at, content, url_img, question_id) values ( '5caee560-7797-46b4-85aa-b46ca8eeaf85', '2023-04-10 07:55:18', 'Inj blood vessel of left little finger, init encntr', '', 21);
insert into answer (publisher_id, created_at, content, url_img, question_id) values ( '06366e0f-1475-4046-8b6d-cf6aa9c81d64', '2023-06-14 14:02:30', 'Loose body in unspecified hip', '', 10);
insert into answer (publisher_id, created_at, content, url_img, question_id) values ('eb17bba4-b1ee-4be9-826c-02b6036c518f', '2022-07-19 14:53:33', 'Injury of digital nerve of right middle finger, sequela', '', 5);
insert into answer (publisher_id, created_at, content, url_img, question_id) values ( '5caee560-7797-46b4-85aa-b46ca8eeaf85', '2022-08-15 17:56:59', 'Postimmunization arthropathy, left hand', '', 11);
insert into answer (publisher_id, created_at, content, url_img, question_id) values ( '5caee560-7797-46b4-85aa-b46ca8eeaf85', '2023-04-18 18:40:01', 'Toxic effect of carbon disulfide, assault, sequela', '', 2);
insert into answer (publisher_id, created_at, content, url_img, question_id) values ( '73fcb043-b1a1-4ba8-af88-4ad3abcf2021', '2023-02-26 15:53:17', 'Unspecified injury of right lower leg', '', 25);
insert into answer (publisher_id, created_at, content, url_img, question_id) values ( '1b257813-0195-43ab-9a3c-f1b08ab4c5a9', '2022-11-21 14:05:39', 'Unspecified injury of uterus, initial encounter', '', 26);
insert into answer (publisher_id, created_at, content, url_img, question_id) values ( 'eb17bba4-b1ee-4be9-826c-02b6036c518f', '2022-08-01 06:22:21', '4-part fx surgical neck of r humerus, init for opn fx', '', 9);
insert into answer (publisher_id, created_at, content, url_img, question_id) values ( '3723defb-3622-4ba0-aef0-810b1970215e', '2022-09-06 05:48:31', 'Oth fx upr end left rad, subs for opn fx type I/2 w nonunion', '', 4);
insert into answer (publisher_id, created_at, content, url_img, question_id) values ('1b257813-0195-43ab-9a3c-f1b08ab4c5a9', '2022-07-05 16:34:16', 'Fused toes', '', 25);
insert into answer (publisher_id, created_at, content, url_img, question_id) values ( '3723defb-3622-4ba0-aef0-810b1970215e', '2022-07-24 21:26:24', 'Cervical shortening, second trimester', '', 25);
insert into answer (publisher_id, created_at, content, url_img, question_id) values ( '73fcb043-b1a1-4ba8-af88-4ad3abcf2021', '2022-06-19 09:17:45', 'Unspecified cyst of jaw', '', 24);
insert into answer (publisher_id, created_at, content, url_img, question_id) values ( 'eb17bba4-b1ee-4be9-826c-02b6036c518f', '2022-09-02 02:26:01', 'Nondisp segmental fx shaft of ulna, right arm, sequela', '', 30);
insert into answer (publisher_id, created_at, content, url_img, question_id) values ('06366e0f-1475-4046-8b6d-cf6aa9c81d64', '2023-01-18 12:11:34', 'Fall on and from ladder', '', 16);
insert into answer (publisher_id, created_at, content, url_img, question_id) values ( '06366e0f-1475-4046-8b6d-cf6aa9c81d64', '2022-09-29 14:07:03', 'Oth injury of femoral vein at hip and thigh level, right leg', '', 13);
insert into answer (publisher_id, created_at, content, url_img, question_id) values ('eb17bba4-b1ee-4be9-826c-02b6036c518f', '2022-08-20 21:43:30', 'Nondisp commnt fx shaft of unsp tibia, 7thP', '', 18);
insert into answer (publisher_id, created_at, content, url_img, question_id) values ( 'a793756c-dc3d-4ce1-974e-97139c3e8664', '2022-07-27 07:54:04', 'Adverse effect of saline and osmotic laxatives, sequela', '', 2);
insert into answer (publisher_id, created_at, content, url_img, question_id) values ( '5caee560-7797-46b4-85aa-b46ca8eeaf85', '2022-06-15 09:51:49', 'Disp fx of lateral condyle of unsp tibia, 7thE', '', 6);
insert into answer (publisher_id, created_at, content, url_img, question_id) values ('1b257813-0195-43ab-9a3c-f1b08ab4c5a9', '2023-03-28 12:10:15', 'Open bite of right forearm, initial encounter', '', 12);
insert into answer (publisher_id, created_at, content, url_img, question_id) values ( '73fcb043-b1a1-4ba8-af88-4ad3abcf2021', '2022-10-01 20:08:21', 'Legal intervnt involving oth means, suspect injured, subs', '', 14);
insert into answer (publisher_id, created_at, content, url_img, question_id) values ( '1b257813-0195-43ab-9a3c-f1b08ab4c5a9', '2022-09-04 06:01:45', 'Pneumococcal polyarthritis', '', 15);
insert into answer (publisher_id, created_at, content, url_img, question_id) values ( '06366e0f-1475-4046-8b6d-cf6aa9c81d64', '2023-01-19 05:36:38', 'Other osteonecrosis, other site', '', 1);
insert into answer (publisher_id, created_at, content, url_img, question_id) values ( '3723defb-3622-4ba0-aef0-810b1970215e', '2022-07-15 09:13:37', 'Other myeloid leukemia, in relapse', '', 6);
insert into answer (publisher_id, created_at, content, url_img, question_id) values ( '5caee560-7797-46b4-85aa-b46ca8eeaf85', '2023-05-01 07:21:52', 'Chronic lacrimal mucocele of unspecified lacrimal passage', '', 3);
insert into answer (publisher_id, created_at, content, url_img, question_id) values ( '3723defb-3622-4ba0-aef0-810b1970215e', '2022-09-07 22:36:45', 'Heredit neuropath, NEC w focal and seg glomerular lesions', '', 16);
insert into answer (publisher_id, created_at, content, url_img, question_id) values ( '3723defb-3622-4ba0-aef0-810b1970215e', '2023-06-07 20:05:27', 'Unsp fracture of shaft of left tibia, init for clos fx', '', 17);
insert into answer (publisher_id, created_at, content, url_img, question_id) values ( '73fcb043-b1a1-4ba8-af88-4ad3abcf2021', '2022-09-18 12:23:42', 'Corrosion of first degree of other site of trunk', '', 21);
insert into answer (publisher_id, created_at, content, url_img, question_id) values ( '06366e0f-1475-4046-8b6d-cf6aa9c81d64', '2022-06-29 08:29:31', 'Injury of intercostal blood vessels', '', 19);
insert into answer (publisher_id, created_at, content, url_img, question_id) values ( '1b257813-0195-43ab-9a3c-f1b08ab4c5a9', '2022-09-28 22:52:55', 'Hypertrichosis of right lower eyelid', '', 9);
insert into answer (publisher_id, created_at, content, url_img, question_id) values ( '06366e0f-1475-4046-8b6d-cf6aa9c81d64', '2023-01-02 02:25:05', 'Struck by shoe cleats, sequela', '', 27);
insert into answer (publisher_id, created_at, content, url_img, question_id) values ( '73fcb043-b1a1-4ba8-af88-4ad3abcf2021', '2023-01-03 03:22:15', 'Nondisp intertroch fx r femr, 7thR', '', 6);
insert into answer (publisher_id, created_at, content, url_img, question_id) values ( 'a793756c-dc3d-4ce1-974e-97139c3e8664', '2023-03-27 04:25:04', 'Other specified arthritis, unspecified hand', '', 26);
insert into answer (publisher_id, created_at, content, url_img, question_id) values ( '1b257813-0195-43ab-9a3c-f1b08ab4c5a9', '2022-11-04 02:14:27', 'Disp fx of lateral malleolus of r fibula, 7thN', '', 26);
insert into answer (publisher_id, created_at, content, url_img, question_id) values ( 'eb17bba4-b1ee-4be9-826c-02b6036c518f', '2023-05-20 18:06:02', 'Toxic effect of glycols, intentional self-harm, subs encntr', '', 24);
insert into answer (publisher_id, created_at, content, url_img, question_id) values ( '06366e0f-1475-4046-8b6d-cf6aa9c81d64', '2022-10-01 20:14:57', 'Laceration without foreign body of left wrist', '', 19);
insert into answer (publisher_id, created_at, content, url_img, question_id) values ( 'a793756c-dc3d-4ce1-974e-97139c3e8664', '2022-06-23 15:16:17', 'Sprain of jaw, unspecified side, subsequent encounter', '', 22);
insert into answer (publisher_id, created_at, content, url_img, question_id) values ( '5caee560-7797-46b4-85aa-b46ca8eeaf85', '2023-03-08 06:19:37', 'Poisoning by drugs affecting uric acid metab, undet, init', '', 3);
insert into answer (publisher_id, created_at, content, url_img, question_id) values ( 'a793756c-dc3d-4ce1-974e-97139c3e8664', '2022-09-04 18:27:45', 'Oth fx low end unsp ulna, 7thN', '', 21);
insert into answer (publisher_id, created_at, content, url_img, question_id) values ( 'a793756c-dc3d-4ce1-974e-97139c3e8664', '2023-01-07 11:58:52', 'Motorcycle rider injured in collision w pedestrian or animal', '', 16);
insert into answer (publisher_id, created_at, content, url_img, question_id) values ( '1b257813-0195-43ab-9a3c-f1b08ab4c5a9', '2023-05-10 08:51:04', 'Poisoning by oth psychostimulants, self-harm, subs', '', 27);
insert into answer (publisher_id, created_at, content, url_img, question_id) values ('eb17bba4-b1ee-4be9-826c-02b6036c518f', '2022-10-29 00:15:02', 'Displ transverse fx shaft of r tibia, 7thQ', '', 15);
insert into answer (publisher_id, created_at, content, url_img, question_id) values ( '06366e0f-1475-4046-8b6d-cf6aa9c81d64', '2023-03-10 07:56:38', 'Postprocedural stenosis of external ear canal, bilateral', '', 21);
insert into answer (publisher_id, created_at, content, url_img, question_id) values ( 'a793756c-dc3d-4ce1-974e-97139c3e8664', '2023-03-02 09:33:16', 'Disp fx of base of metacarpal bone, subs for fx w malunion', '', 9);
insert into answer (publisher_id, created_at, content, url_img, question_id) values ( '3723defb-3622-4ba0-aef0-810b1970215e', '2022-11-17 07:13:55', 'Labor and delivery complicated by cord comp, unsp, unsp', '', 20);
insert into answer (publisher_id, created_at, content, url_img, question_id) values ( '5caee560-7797-46b4-85aa-b46ca8eeaf85', '2023-03-05 00:43:39', 'Postprocedural hepatic failure', '', 22);
insert into answer (publisher_id, created_at, content, url_img, question_id) values ( 'a793756c-dc3d-4ce1-974e-97139c3e8664', '2023-06-01 13:42:58', 'Laceration w fb of unsp eyelid and periocular area, subs', '', 24);


--QUESTION_ANSWER


insert into question_answers (answers_id, question_id) values (31, 3);
insert into question_answers (answers_id, question_id) values (32, 22);
insert into question_answers (answers_id, question_id) values (33, 28);
insert into question_answers (answers_id, question_id) values (34, 15);
insert into question_answers (answers_id, question_id) values (35, 24);
insert into question_answers (answers_id, question_id) values (36, 16);
insert into question_answers (answers_id, question_id) values (37, 27);
insert into question_answers (answers_id, question_id) values (38, 8);
insert into question_answers (answers_id, question_id) values (39, 5);
insert into question_answers (answers_id, question_id) values (40, 16);
insert into question_answers (answers_id, question_id) values (41, 15);
insert into question_answers (answers_id, question_id) values (42, 26);
insert into question_answers (answers_id, question_id) values (43, 28);
insert into question_answers (answers_id, question_id) values (44, 21);
insert into question_answers (answers_id, question_id) values (45, 16);
insert into question_answers (answers_id, question_id) values (46, 6);
insert into question_answers (answers_id, question_id) values (47, 5);
insert into question_answers (answers_id, question_id) values (48, 30);
insert into question_answers (answers_id, question_id) values (49, 23);
insert into question_answers (answers_id, question_id) values (50, 6);
insert into question_answers (answers_id, question_id) values (51, 4);
insert into question_answers (answers_id, question_id) values (52, 16);
insert into question_answers (answers_id, question_id) values (53, 3);
insert into question_answers (answers_id, question_id) values (54, 13);
insert into question_answers (answers_id, question_id) values (55, 12);
insert into question_answers (answers_id, question_id) values (56, 17);
insert into question_answers (answers_id, question_id) values (57, 23);
insert into question_answers (answers_id, question_id) values (58, 14);
insert into question_answers (answers_id, question_id) values (59, 16);
insert into question_answers (answers_id, question_id) values (60, 8);
insert into question_answers (answers_id, question_id) values (61, 13);
insert into question_answers (answers_id, question_id) values (62, 27);
insert into question_answers (answers_id, question_id) values (63, 6);
insert into question_answers (answers_id, question_id) values (64, 20);
insert into question_answers (answers_id, question_id) values (65, 28);
insert into question_answers (answers_id, question_id) values (66, 19);
insert into question_answers (answers_id, question_id) values (67, 25);
insert into question_answers (answers_id, question_id) values (68, 16);
insert into question_answers (answers_id, question_id) values (69, 30);
insert into question_answers (answers_id, question_id) values (70, 10);
insert into question_answers (answers_id, question_id) values (71, 5);
insert into question_answers (answers_id, question_id) values (72, 21);
insert into question_answers (answers_id, question_id) values (73, 11);
insert into question_answers (answers_id, question_id) values (74, 6);
insert into question_answers (answers_id, question_id) values (75, 6);
insert into question_answers (answers_id, question_id) values (76, 8);
insert into question_answers (answers_id, question_id) values (77, 6);
insert into question_answers (answers_id, question_id) values (78, 17);
insert into question_answers (answers_id, question_id) values (79, 6);
insert into question_answers (answers_id, question_id) values (80, 21);
insert into question_answers (answers_id, question_id) values (81, 9);
insert into question_answers (answers_id, question_id) values (82, 27);
insert into question_answers (answers_id, question_id) values (83, 6);
insert into question_answers (answers_id, question_id) values (84, 16);
insert into question_answers (answers_id, question_id) values (85, 21);
insert into question_answers (answers_id, question_id) values (86, 10);
insert into question_answers (answers_id, question_id) values (87, 5);
insert into question_answers (answers_id, question_id) values (88, 11);
insert into question_answers (answers_id, question_id) values (89, 2);
insert into question_answers (answers_id, question_id) values (90, 25);
insert into question_answers (answers_id, question_id) values (91, 26);
insert into question_answers (answers_id, question_id) values (92, 9);
insert into question_answers (answers_id, question_id) values (93, 4);
insert into question_answers (answers_id, question_id) values (94, 25);
insert into question_answers (answers_id, question_id) values (95, 25);
insert into question_answers (answers_id, question_id) values (96, 24);
insert into question_answers (answers_id, question_id) values (97, 30);
insert into question_answers (answers_id, question_id) values (98, 16);
insert into question_answers (answers_id, question_id) values (99, 13);
insert into question_answers (answers_id, question_id) values (100, 18);
insert into question_answers (answers_id, question_id) values (1, 2);
insert into question_answers (answers_id, question_id) values (2, 6);
insert into question_answers (answers_id, question_id) values (3, 12);
insert into question_answers (answers_id, question_id) values (4, 14);
insert into question_answers (answers_id, question_id) values (5, 15);
insert into question_answers (answers_id, question_id) values (6, 1);
insert into question_answers (answers_id, question_id) values (7, 6);
insert into question_answers (answers_id, question_id) values (8, 3);
insert into question_answers (answers_id, question_id) values (9, 16);
insert into question_answers (answers_id, question_id) values (10, 17);
insert into question_answers (answers_id, question_id) values (11, 21);
insert into question_answers (answers_id, question_id) values (12, 19);
insert into question_answers (answers_id, question_id) values (13, 9);
insert into question_answers (answers_id, question_id) values (14, 27);
insert into question_answers (answers_id, question_id) values (15, 6);
insert into question_answers (answers_id, question_id) values (16, 26);
insert into question_answers (answers_id, question_id) values (17, 26);
insert into question_answers (answers_id, question_id) values (18, 24);
insert into question_answers (answers_id, question_id) values (19, 19);
insert into question_answers (answers_id, question_id) values (20, 22);
insert into question_answers (answers_id, question_id) values (21, 3);
insert into question_answers (answers_id, question_id) values (22, 21);
insert into question_answers (answers_id, question_id) values (23, 16);
insert into question_answers (answers_id, question_id) values (24, 27);
insert into question_answers (answers_id, question_id) values (25, 15);
insert into question_answers (answers_id, question_id) values (26, 21);
insert into question_answers (answers_id, question_id) values (27, 9);
insert into question_answers (answers_id, question_id) values (28, 20);
insert into question_answers (answers_id, question_id) values (29, 22);
insert into question_answers (answers_id, question_id) values (30, 24);

--GARDENS

insert into vegetable_garden (owner_id, name, img, latitude, longitude) values ( 'a793756c-dc3d-4ce1-974e-97139c3e8664', 'Campanula lasiocarpa Cham.', 'mandarina.jpg', 47.2990712, -1.5086685);
insert into vegetable_garden (owner_id, name, img, latitude, longitude) values ( 'a793756c-dc3d-4ce1-974e-97139c3e8664', 'Astragalus coltonii M.E. Jones var. coltonii', 'mandarina.jpg', 31.2633956, 72.3110986);
insert into vegetable_garden (owner_id, name, img, latitude, longitude) values ( '1b257813-0195-43ab-9a3c-f1b08ab4c5a9', 'Brickellia incana A. Gray', 'mandarina.jpg', 26.511966, -78.640226);
insert into vegetable_garden (owner_id, name, img, latitude, longitude) values ('1b257813-0195-43ab-9a3c-f1b08ab4c5a9', 'Malpighia setosa Spreng.', 'mandarina.jpg', -37.8136276, 144.9630576);
insert into vegetable_garden (owner_id, name, img, latitude, longitude) values ( '73fcb043-b1a1-4ba8-af88-4ad3abcf2021', 'Platanthera psycodes (L.) Lindl.', 'mandarina.jpg', -6.831959, 107.0805202);
insert into vegetable_garden (owner_id, name, img, latitude, longitude) values ( '5caee560-7797-46b4-85aa-b46ca8eeaf85', 'Dimerella pineti (Schrad. ex Ach.) Vezda', 'mandarina.jpg', 32.59, -93.85);
insert into vegetable_garden (owner_id, name, img, latitude, longitude) values ( '73fcb043-b1a1-4ba8-af88-4ad3abcf2021', 'Lupinus confertus Kellogg', 'mandarina.jpg', -27.5059385, -58.8089892);
insert into vegetable_garden (owner_id, name, img, latitude, longitude) values ( '5caee560-7797-46b4-85aa-b46ca8eeaf85', 'Cardamine nuttallii Greene var. nuttallii', 'mandarina.jpg', 40.7163491, 19.7502384);
insert into vegetable_garden (owner_id, name, img, latitude, longitude) values ( '3723defb-3622-4ba0-aef0-810b1970215e', 'Ulex L.', 'mandarina.jpg', 61.00862, 14.57173);
insert into vegetable_garden (owner_id, name, img, latitude, longitude) values ( 'eb17bba4-b1ee-4be9-826c-02b6036c518f', 'Spigelia gentianoides Chapm. ex A. DC.', 'mandarina.jpg', 59.2914848, 18.0916533);
insert into vegetable_garden (owner_id, name, img, latitude, longitude) values ( 'a793756c-dc3d-4ce1-974e-97139c3e8664', 'Campanula lasiocarpa Cham.', 'mandarina.jpg', 47.2990712, -1.5086685);
insert into vegetable_garden (owner_id, name, img, latitude, longitude) values ( 'a793756c-dc3d-4ce1-974e-97139c3e8664', 'Astragalus coltonii M.E. Jones var. coltonii', 'mandarina.jpg', 31.2633956, 72.3110986);
insert into vegetable_garden (owner_id, name, img, latitude, longitude) values ( '1b257813-0195-43ab-9a3c-f1b08ab4c5a9', 'Brickellia incana A. Gray', 'mandarina.jpg', 26.511966, -78.640226);
insert into vegetable_garden (owner_id, name, img, latitude, longitude) values ('1b257813-0195-43ab-9a3c-f1b08ab4c5a9', 'Malpighia setosa Spreng.', 'mandarina.jpg', -37.8136276, 144.9630576);
insert into vegetable_garden (owner_id, name, img, latitude, longitude) values ( '73fcb043-b1a1-4ba8-af88-4ad3abcf2021', 'Platanthera psycodes (L.) Lindl.', 'mandarina.jpg', -6.831959, 107.0805202);
insert into vegetable_garden (owner_id, name, img, latitude, longitude) values ( '5caee560-7797-46b4-85aa-b46ca8eeaf85', 'Dimerella pineti (Schrad. ex Ach.) Vezda', 'mandarina.jpg', 32.59, -93.85);
insert into vegetable_garden (owner_id, name, img, latitude, longitude) values ( '73fcb043-b1a1-4ba8-af88-4ad3abcf2021', 'Lupinus confertus Kellogg', 'mandarina.jpg', -27.5059385, -58.8089892);
insert into vegetable_garden (owner_id, name, img, latitude, longitude) values ( '5caee560-7797-46b4-85aa-b46ca8eeaf85', 'Cardamine nuttallii Greene var. nuttallii', 'mandarina.jpg', 40.7163491, 19.7502384);
insert into vegetable_garden (owner_id, name, img, latitude, longitude) values ( '3723defb-3622-4ba0-aef0-810b1970215e', 'Ulex L.', 'mandarina.jpg', 61.00862, 14.57173);
insert into vegetable_garden (owner_id, name, img, latitude, longitude) values ( 'eb17bba4-b1ee-4be9-826c-02b6036c518f', 'Spigelia gentianoides Chapm. ex A. DC.', 'mandarina.jpg', 59.2914848, 18.0916533);

--Patch




insert into patch (garden_id, name) values ( 19, 'Eckfeldt''s Lecidea Lichen');
insert into patch (garden_id, name) values ( 5, 'Cardinal Beardtongue');
insert into patch (garden_id, name) values ( 6, 'Setariopsis');
insert into patch (garden_id, name) values ( 6, 'Hypotrachyna Lichen');
insert into patch (garden_id, name) values (18, 'Little Cryptantha');
insert into patch (garden_id, name) values ( 15, 'Tufted Townsend Daisy');
insert into patch (garden_id, name) values ( 3, 'Foothill Larkspur');
insert into patch (garden_id, name) values ( 15, 'Twisted Draba');
insert into patch (garden_id, name) values ( 13, 'Bilobed Grewia');
insert into patch (garden_id, name) values ( 7, 'Wild Tamarind');
insert into patch (garden_id, name) values ( 12, 'Ravenel''s Dot Lichen');
insert into patch (garden_id, name) values ( 2, 'Shortleaf Crabgrass');
insert into patch (garden_id, name) values ( 6, 'Map Lichen');
insert into patch (garden_id, name) values ( 4, 'Remy''s Pepperweed');
insert into patch (garden_id, name) values ( 4, 'Dot Lichen');
insert into patch (garden_id, name) values ( 17, 'Wenatchee Desertparsley');
insert into patch (garden_id, name) values ( 14, 'Duskyseed Sedge');
insert into patch (garden_id, name) values ( 10, 'Dominican Parmotrema Lichen');
insert into patch (garden_id, name) values ( 20, 'European Fan Palm');
insert into patch (garden_id, name) values ( 13, 'Columbian Lewisia');
insert into patch (garden_id, name) values ( 20, 'Payson''s Beardtongue');
insert into patch (garden_id, name) values ( 10, 'Myelochroa Lichen');
insert into patch (garden_id, name) values ( 6, 'Oval-leaf Sedge');
insert into patch (garden_id, name) values ( 7, 'Rose''s Ticktrefoil');
insert into patch (garden_id, name) values ( 15, 'Zululand Cycad');
insert into patch (garden_id, name) values ( 17, 'City Goosefoot');
insert into patch (garden_id, name) values ( 11, 'Locustberry');
insert into patch (garden_id, name) values ( 2, 'Wrinkleseed Pygmyweed');
insert into patch (garden_id, name) values ( 13, 'Froststem Suncup');
insert into patch (garden_id, name) values ( 7, 'Western Teaberry');
insert into patch (garden_id, name) values (1, 'Velezia');
insert into patch (garden_id, name) values ( 10, 'Catolechia Lichen');
insert into patch (garden_id, name) values ( 19, 'Wrinkled Jointtail Grass');
insert into patch (garden_id, name) values ( 18, 'Ballhead Ipomopsis');
insert into patch (garden_id, name) values ( 9, 'Cyrto-hypnum Moss');
insert into patch (garden_id, name) values ( 8, 'Murdock''s Thistle');
insert into patch (garden_id, name) values ( 10, 'Stiff Buttonweed');
insert into patch (garden_id, name) values ( 11, 'Shrubby False Buttonweed');
insert into patch (garden_id, name) values ( 18, 'Cook''s Triteleia');
insert into patch (garden_id, name) values ( 10, 'Bird''s-eye Cress');
insert into patch (garden_id, name) values ( 7, 'Rose Monkswort');
insert into patch (garden_id, name) values ( 8, 'Greater Water Dock');
insert into patch (garden_id, name) values ( 14, 'Bluntleaf Waterleaf');
insert into patch (garden_id, name) values ( 6, 'Kurile Larch');
insert into patch (garden_id, name) values ( 4, 'Auerodendron');
insert into patch (garden_id, name) values ( 1, 'Northwestern Sedge');
insert into patch (garden_id, name) values ( 15, 'Tatarian Aster');
insert into patch (garden_id, name) values ( 20, 'Marsypianthes');
insert into patch (garden_id, name) values ( 14, 'Herre''s Ragged Lichen');
insert into patch (garden_id, name) values (18, 'Streblus');

--Cultivation
insert into cultivation (patch_id, name, variety, harvesting_date, planting_date, img) values (1, 'Sidesaddle Bristle Fern', 'Trichomanes pusillum Sw.', '2023-11-11', '2023-02-18', 'mandarina.jpg');
insert into cultivation (patch_id, name, variety, harvesting_date, planting_date, img) values (2, 'Vahl''s Speedwell', 'Veronica austriaca L. ssp. vahlii (Gaudin) D.A. Webb', '2023-08-06', '2023-06-10', 'mandarina.jpg');
insert into cultivation (patch_id, name, variety, harvesting_date, planting_date, img) values (3, 'Cyclodictyon Moss', 'Cyclodictyon Mitt.', '2023-11-24', '2023-06-03', 'mandarina.jpg');
insert into cultivation (patch_id, name, variety, harvesting_date, planting_date, img) values (4, 'Sonoran Ticktrefoil', 'Desmodium scopulorum S. Watson', '2023-09-11', '2023-01-29', 'mandarina.jpg');
insert into cultivation (patch_id, name, variety, harvesting_date, planting_date, img) values (5, 'Texas Saucerflower', 'Antiphytum floribundum (Torr.) A. Gray', '2023-07-09', '2022-11-24', 'mandarina.jpg');
insert into cultivation (patch_id, name, variety, harvesting_date, planting_date, img) values (6, 'Toothed Whitetop Aster', 'Sericocarpus asteroides (L.) Britton, Sterns & Poggenb.', '2023-08-15', '2022-12-20', 'mandarina.jpg');
insert into cultivation (patch_id, name, variety, harvesting_date, planting_date, img) values (7, 'Aleutian Brome', 'Bromus aleutensis Trin. ex Griseb.', '2023-10-19', '2023-01-29', 'mandarina.jpg');
insert into cultivation (patch_id, name, variety, harvesting_date, planting_date, img) values (8, 'Cory''s Dutchman''s Pipe', 'Aristolochia coryi I.M. Johnst.', '2023-12-23', '2022-12-02', 'mandarina.jpg');
insert into cultivation (patch_id, name, variety, harvesting_date, planting_date, img) values (9, 'Mexican Seepweed', 'Suaeda mexicana (Standl.) Standl.', '2023-12-29', '2022-12-30', 'mandarina.jpg');
insert into cultivation (patch_id, name, variety, harvesting_date, planting_date, img) values (10, 'Seaside Brookweed', 'Samolus valerandi L. ssp. parviflorus (Raf.) Hultén', '2023-11-05', '2022-10-22', 'mandarina.jpg');
insert into cultivation (patch_id, name, variety, harvesting_date, planting_date, img) values (11, 'Psophocarpus', 'Psophocarpus Neck. ex DC.', '2023-10-23', '2023-04-07', 'mandarina.jpg');
insert into cultivation (patch_id, name, variety, harvesting_date, planting_date, img) values (12, 'Arizona Milkvetch', 'Astragalus arizonicus A. Gray', '2023-09-11', '2022-10-23', 'mandarina.jpg');
insert into cultivation (patch_id, name, variety, harvesting_date, planting_date, img) values (13, 'Cup Lichen', 'Cladonia perlomera Kristinsson', '2023-08-24', '2022-09-26', 'mandarina.jpg');
insert into cultivation (patch_id, name, variety, harvesting_date, planting_date, img) values (14, 'Mt. Etna Broom', 'Genista aetnensis (Raf. ex Biv.) DC.', '2023-10-25', '2023-02-16', 'mandarina.jpg');
insert into cultivation (patch_id, name, variety, harvesting_date, planting_date, img) values (15, 'Chestnutleaf Trumpetbush', 'Tecoma castanifolia (D. Don) Melchior', '2023-12-27', '2023-01-22', 'mandarina.jpg');
insert into cultivation (patch_id, name, variety, harvesting_date, planting_date, img) values (16, 'Mycoporum Lichen', 'Mycoporum compositum (A. Massal.) R.C. Harris', '2023-06-17', '2022-12-22', 'mandarina.jpg');
insert into cultivation (patch_id, name, variety, harvesting_date, planting_date, img) values (17, 'Tuberous Springbeauty', 'Claytonia tuberosa Pall. ex Schult. var. tuberosa', '2023-09-05', '2023-05-06', 'mandarina.jpg');
insert into cultivation (patch_id, name, variety, harvesting_date, planting_date, img) values (18, 'Catillaria Lichen', 'Catillaria tristis (Müll. Arg.) Arnold', '2023-07-21', '2022-09-15', 'mandarina.jpg');
insert into cultivation (patch_id, name, variety, harvesting_date, planting_date, img) values (19, 'Farr''s Willow', 'Salix farriae C.R. Ball', '2023-09-19', '2023-02-23', 'mandarina.jpg');
insert into cultivation (patch_id, name, variety, harvesting_date, planting_date, img) values (20, 'Crenulate Mountain-avens', 'Dryas integrifolia Vahl ssp. crenulata (Juz.) J. Kozhevn', '2023-12-16', '2022-11-24', 'mandarina.jpg');
insert into cultivation (patch_id, name, variety, harvesting_date, planting_date, img) values (21, 'Yellow Sunnybell', 'Schoenolirion croceum (Michx.) Alph. Wood', '2023-10-20', '2022-11-13', 'mandarina.jpg');
insert into cultivation (patch_id, name, variety, harvesting_date, planting_date, img) values (22, 'Young''s Snowbell', 'Styrax platanifolius Engelm. ssp. youngiae (Cory) P.W. Fritsch', '2023-09-18', '2022-11-06', 'mandarina.jpg');
insert into cultivation (patch_id, name, variety, harvesting_date, planting_date, img) values (23, 'Howell''s Violet', 'Viola howellii A. Gray', '2023-07-13', '2023-04-07', 'mandarina.jpg');
insert into cultivation (patch_id, name, variety, harvesting_date, planting_date, img) values (24, 'Golden Madia', 'Madia radiata Kellogg', '2023-07-31', '2022-12-31', 'mandarina.jpg');
insert into cultivation (patch_id, name, variety, harvesting_date, planting_date, img) values (25, 'Tumblegrass', 'Schedonnardus paniculatus (Nutt.) Trel.', '2023-11-25', '2022-10-17', 'mandarina.jpg');
insert into cultivation (patch_id, name, variety, harvesting_date, planting_date, img) values (26, 'Dotleaf Waterlily', 'Nymphaea ampla (Salisb.) DC. var. ampla', '2023-08-03', '2022-12-15', 'mandarina.jpg');
insert into cultivation (patch_id, name, variety, harvesting_date, planting_date, img) values (27, 'Milkwood', 'Tabernaemontana L.', '2023-11-03', '2022-11-08', 'mandarina.jpg');
insert into cultivation (patch_id, name, variety, harvesting_date, planting_date, img) values (28, 'Mockernut Hickory', 'Carya tomentosa (Lam.) Nutt.', '2023-10-21', '2023-01-20', 'mandarina.jpg');
insert into cultivation (patch_id, name, variety, harvesting_date, planting_date, img) values (29, 'Pacific Blacksnakeroot', 'Sanicula crassicaulis Poepp. ex DC.', '2023-10-13', '2022-11-07', 'mandarina.jpg');
insert into cultivation (patch_id, name, variety, harvesting_date, planting_date, img) values (30, 'False Jagged-ckickweed', 'Lepyrodiclis holosteoides (C.A. Mey.) Fenzl ex Fisch. & C.A. Mey.', '2023-10-27', '2023-06-09', 'mandarina.jpg');
insert into cultivation (patch_id, name, variety, harvesting_date, planting_date, img) values (31, 'Bastardsage', 'Eriogonum wrightii Torr. ex Benth. var. wrightii', '2023-06-30', '2023-01-02', 'mandarina.jpg');
insert into cultivation (patch_id, name, variety, harvesting_date, planting_date, img) values (32, 'Dwarf Nicker', 'Hoffmannseggia drummondii Torr. & A. Gray', '2023-12-02', '2023-05-10', 'mandarina.jpg');
insert into cultivation (patch_id, name, variety, harvesting_date, planting_date, img) values (33, 'Giant Forget-me-not', 'Myosotidium hortensia (Decne.) Baill.', '2023-07-15', '2023-02-20', 'mandarina.jpg');
insert into cultivation (patch_id, name, variety, harvesting_date, planting_date, img) values (34, 'Skyttella Lichen', 'Skyttella D. Hawksw. & R. Sant.', '2023-06-28', '2023-06-06', 'mandarina.jpg');
insert into cultivation (patch_id, name, variety, harvesting_date, planting_date, img) values (35, 'Aruncus', 'Aruncus L.', '2023-11-07', '2022-12-11', 'mandarina.jpg');
insert into cultivation (patch_id, name, variety, harvesting_date, planting_date, img) values (36, 'Wallroth''s Trapeliopsis Lichen', 'Trapeliopsis wallrothii (Flörke ex Spreng.) Hertel & Gotth. Schneid.', '2023-10-08', '2023-04-10', 'mandarina.jpg');
insert into cultivation (patch_id, name, variety, harvesting_date, planting_date, img) values (37, 'Desert Rockcress', 'Arabis lignifera A. Nelson', '2023-08-24', '2022-09-17', 'mandarina.jpg');
insert into cultivation (patch_id, name, variety, harvesting_date, planting_date, img) values (38, 'Graceful Cinquefoil', 'Potentilla gracilis Douglas ex Hook. var. gracilis', '2023-12-26', '2022-10-22', 'mandarina.jpg');
insert into cultivation (patch_id, name, variety, harvesting_date, planting_date, img) values (39, 'Andean Prairie Clover', 'Dalea cylindriceps Barneby', '2023-08-10', '2023-05-21', 'mandarina.jpg');
insert into cultivation (patch_id, name, variety, harvesting_date, planting_date, img) values (40, 'Jasmine Nightshade', 'Solanum jasminoides Paxton', '2023-11-13', '2022-11-28', 'mandarina.jpg');
insert into cultivation (patch_id, name, variety, harvesting_date, planting_date, img) values (41, 'Wayside Aster', 'Eucephalus vialis Bradshaw', '2023-11-25', '2023-04-03', 'mandarina.jpg');
insert into cultivation (patch_id, name, variety, harvesting_date, planting_date, img) values (42, 'Palmer''s Leather Flower', 'Clematis palmeri Rose', '2023-12-26', '2023-04-09', 'mandarina.jpg');
insert into cultivation (patch_id, name, variety, harvesting_date, planting_date, img) values (43, 'Dwarf Minerslettuce', 'Montia dichotoma (Nutt.) Howell', '2023-10-23', '2022-12-30', 'mandarina.jpg');
insert into cultivation (patch_id, name, variety, harvesting_date, planting_date, img) values (44, 'Lallemantia', 'Lallemantia Fisch. & C.A. Mey.', '2023-11-16', '2022-12-26', 'mandarina.jpg');
insert into cultivation (patch_id, name, variety, harvesting_date, planting_date, img) values (45, 'New Mexican Nightshade', 'Solanum heterodoxum Dunal var. novomexicanum Bartlett', '2023-10-04', '2023-04-16', 'mandarina.jpg');
insert into cultivation (patch_id, name, variety, harvesting_date, planting_date, img) values (46, 'Nebraska Tansyaster', 'Machaeranthera canescens (Pursh) A. Gray ssp. glabra (A. Gray) B.L. Turner var. nebraskana B.L. Turner', '2023-11-20', '2023-04-03', 'mandarina.jpg');
insert into cultivation (patch_id, name, variety, harvesting_date, planting_date, img) values (47, 'Nutrush', 'Scleria laxa R. Br.', '2023-07-12', '2022-09-15', 'mandarina.jpg');
insert into cultivation (patch_id, name, variety, harvesting_date, planting_date, img) values (48, 'Showy Skullcap', 'Scutellaria serrata Andrews', '2023-09-10', '2023-04-05', 'mandarina.jpg');
insert into cultivation (patch_id, name, variety, harvesting_date, planting_date, img) values (49, 'Bahama Nightshade', 'Solanum bahamense L. var. bahamense', '2023-06-21', '2023-03-16', 'mandarina.jpg');
insert into cultivation (patch_id, name, variety, harvesting_date, planting_date, img) values (50, 'Nihoa Pritchardia', 'Pritchardia aylmer-robinsonii H. St. John', '2023-07-19', '2022-11-14', 'mandarina.jpg');


--Cultivation 2
insert into cultivation (patch_id, name, variety, harvesting_date, planting_date, img) values (1, 'Slender Cudweed', 'Gnaphalium exilifolium A. Nelson', '2023-07-20', '2023-02-20', 'mandarina.jpg');
insert into cultivation (patch_id, name, variety, harvesting_date, planting_date, img) values (1, 'Paiute Suncup', 'Camissonia scapoidea (Nutt. ex Torr. & A. Gray) P.H. Raven ssp. brachycarpa (P.H. Raven) P.H. Raven', '2023-08-14', '2023-03-16', 'mandarina.jpg');
insert into cultivation (patch_id, name, variety, harvesting_date, planting_date, img) values (1, 'Tube Lichen', 'Hypogymnia physodes (L.) Nyl.', '2023-09-01', '2023-04-02', 'mandarina.jpg');
insert into cultivation (patch_id, name, variety, harvesting_date, planting_date, img) values (1, 'Western Tansymustard', 'Descurainia pinnata (Walter) Britton ssp. pinnata', '2023-06-16', '2023-03-04', 'mandarina.jpg');
insert into cultivation (patch_id, name, variety, harvesting_date, planting_date, img) values (1, 'Basin Wildrye', 'Leymus cinereus (Scribn. & Merr.) Á. Löve', '2023-10-29', '2023-01-19', 'mandarina.jpg');
insert into cultivation (patch_id, name, variety, harvesting_date, planting_date, img) values (2, 'Flexile Milkvetch', 'Astragalus flexuosus Douglas ex G. Don', '2023-09-30', '2022-12-23', 'mandarina.jpg');
insert into cultivation (patch_id, name, variety, harvesting_date, planting_date, img) values (2, 'Common Pepperweed', 'Lepidium densiflorum Schrad.', '2023-06-20', '2023-06-10', 'mandarina.jpg');
insert into cultivation (patch_id, name, variety, harvesting_date, planting_date, img) values (2, 'Sanchezia', 'Sanchezia Ruiz & Pav.', '2023-09-07', '2022-12-07', 'mandarina.jpg');
insert into cultivation (patch_id, name, variety, harvesting_date, planting_date, img) values (2, 'Black Mulberry', 'Morus nigra L.', '2023-11-01', '2022-12-08', 'mandarina.jpg');
insert into cultivation (patch_id, name, variety, harvesting_date, planting_date, img) values (2, 'Ironwort', 'Sideritis L.', '2023-09-07', '2022-11-25', 'mandarina.jpg');
insert into cultivation (patch_id, name, variety, harvesting_date, planting_date, img) values (3, 'Walker Prairie Clover', 'Dalea pogonathera A. Gray var. walkerae (Tharp & F.A. Barkley) B.L. Turner', '2023-09-09', '2022-11-17', 'mandarina.jpg');
insert into cultivation (patch_id, name, variety, harvesting_date, planting_date, img) values (3, 'Broadleaf Lupine', 'Lupinus latifolius Lindl. ex J. Agardh ssp. viridifolius (A. Heller) Kenney & D. Dunn', '2023-11-26', '2023-02-23', 'mandarina.jpg');
insert into cultivation (patch_id, name, variety, harvesting_date, planting_date, img) values (3, 'Koch''s Fissidens Moss', 'Fissidens kochii H.A. Crum & L.E. Anderson', '2023-07-08', '2022-09-19', 'mandarina.jpg');
insert into cultivation (patch_id, name, variety, harvesting_date, planting_date, img) values (3, 'Shield Lichen', 'Parmelia Ach.', '2023-11-02', '2022-10-29', 'mandarina.jpg');
insert into cultivation (patch_id, name, variety, harvesting_date, planting_date, img) values (3, 'Sticky Liveforever', 'Dudleya viscida (S. Watson) Moran', '2023-09-27', '2022-12-27', 'mandarina.jpg');
insert into cultivation (patch_id, name, variety, harvesting_date, planting_date, img) values (4, 'Leathery Grapefern', 'Botrychium multifidum (S.G. Gmel.) Trevis.', '2023-10-04', '2023-03-13', 'mandarina.jpg');
insert into cultivation (patch_id, name, variety, harvesting_date, planting_date, img) values (4, 'Anoda', 'Anoda Cav.', '2023-09-29', '2022-11-11', 'mandarina.jpg');
insert into cultivation (patch_id, name, variety, harvesting_date, planting_date, img) values (4, 'Chambers'' Twinpod', 'Physaria chambersii Rollins', '2023-12-02', '2023-04-04', 'mandarina.jpg');
insert into cultivation (patch_id, name, variety, harvesting_date, planting_date, img) values (4, 'Goodding''s Tansyaster', 'Machaeranthera pinnatifida (Hook.) Shinners ssp. gooddingii (A. Nelson) B.L. Turner & R.L. Hartm.', '2023-08-09', '2023-01-08', 'mandarina.jpg');
insert into cultivation (patch_id, name, variety, harvesting_date, planting_date, img) values (4, 'Wedgescale', 'Sphenopholis ×pallens (Biehler) Scribn. (pro sp.)', '2023-07-15', '2023-01-11', 'mandarina.jpg');
insert into cultivation (patch_id, name, variety, harvesting_date, planting_date, img) values (5, 'Virginia Quillwort', 'Isoetes virginica N.E. Pfeiffer', '2023-08-30', '2022-10-08', 'mandarina.jpg');
insert into cultivation (patch_id, name, variety, harvesting_date, planting_date, img) values (5, 'Yellow Rabbitbrush', 'Chrysothamnus viscidiflorus (Hook.) Nutt. ssp. viscidiflorus var. viscidiflorus', '2023-12-08', '2023-05-13', 'mandarina.jpg');
insert into cultivation (patch_id, name, variety, harvesting_date, planting_date, img) values (5, 'Parmotrema Lichen', 'Parmotrema preperforatum (W.L. Culb.) Hale', '2023-09-12', '2023-02-22', 'mandarina.jpg');
insert into cultivation (patch_id, name, variety, harvesting_date, planting_date, img) values (5, 'Sandcarpet', 'Cardionema ramosissimum (Weinm.) A. Nelson & J.F. Macbr.', '2023-11-02', '2022-11-06', 'mandarina.jpg');
insert into cultivation (patch_id, name, variety, harvesting_date, planting_date, img) values (5, 'Macoun''s Cinquefoil', 'Potentilla macounii Rydb.', '2023-12-11', '2022-11-24', 'mandarina.jpg');
insert into cultivation (patch_id, name, variety, harvesting_date, planting_date, img) values (6, 'Bristlecup Sandmat', 'Chamaesyce chaetocalyx (Boiss.) Wooton & Standl. var. triligulata (L.C. Wheeler) Mayfield', '2023-09-28', '2023-05-02', 'mandarina.jpg');
insert into cultivation (patch_id, name, variety, harvesting_date, planting_date, img) values (6, 'Garden Asparagus', 'Asparagus officinalis L.', '2023-06-26', '2022-09-22', 'mandarina.jpg');
insert into cultivation (patch_id, name, variety, harvesting_date, planting_date, img) values (6, 'Tall Ladies''-tresses', 'Cyclopogon elatus (Sw.) Schltr.', '2023-08-16', '2023-03-12', 'mandarina.jpg');
insert into cultivation (patch_id, name, variety, harvesting_date, planting_date, img) values (6, 'Greenheart', 'Colubrina arborescens (Mill.) Sarg.', '2023-08-07', '2023-03-27', 'mandarina.jpg');
insert into cultivation (patch_id, name, variety, harvesting_date, planting_date, img) values (6, 'Lithospermum', 'Lithospermum erythrorhizon Siebold & Zucc.', '2023-07-17', '2023-01-26', 'mandarina.jpg');
insert into cultivation (patch_id, name, variety, harvesting_date, planting_date, img) values (7, 'Snowrose', 'Serissa Commerson ex A. Juss.', '2023-09-28', '2023-01-20', 'mandarina.jpg');
insert into cultivation (patch_id, name, variety, harvesting_date, planting_date, img) values (7, 'Palegreen Orchid', 'Platanthera flava (L.) Lindl. var. flava', '2023-09-18', '2023-05-16', 'mandarina.jpg');
insert into cultivation (patch_id, name, variety, harvesting_date, planting_date, img) values (7, 'Truckee Lecidea Lichen', 'Lecidea truckeei Herre', '2023-08-03', '2023-04-21', 'mandarina.jpg');
insert into cultivation (patch_id, name, variety, harvesting_date, planting_date, img) values (7, 'Chisos Red Oak', 'Quercus gravesii Sudw.', '2023-06-19', '2023-05-18', 'mandarina.jpg');
insert into cultivation (patch_id, name, variety, harvesting_date, planting_date, img) values (7, 'Smoothstem Sedge', 'Carex laeviculmis Meinsh.', '2023-06-27', '2023-05-08', 'mandarina.jpg');
insert into cultivation (patch_id, name, variety, harvesting_date, planting_date, img) values (8, 'Vetch', 'Vicia montbretii Fisch. & C.A. Mey.', '2023-11-17', '2022-11-12', 'mandarina.jpg');
insert into cultivation (patch_id, name, variety, harvesting_date, planting_date, img) values (8, 'Wright''s Eryngo', 'Eryngium heterophyllum Engelm.', '2023-07-11', '2023-02-26', 'mandarina.jpg');
insert into cultivation (patch_id, name, variety, harvesting_date, planting_date, img) values (8, 'Casearia', 'Casearia Jacq.', '2023-10-07', '2023-02-19', 'mandarina.jpg');
insert into cultivation (patch_id, name, variety, harvesting_date, planting_date, img) values (8, 'Gumbo Milkvetch', 'Astragalus ampullarius S. Watson', '2023-09-10', '2023-04-28', 'mandarina.jpg');
insert into cultivation (patch_id, name, variety, harvesting_date, planting_date, img) values (8, 'California False Hellebore', 'Veratrum californicum Durand', '2023-09-03', '2022-11-01', 'mandarina.jpg');
insert into cultivation (patch_id, name, variety, harvesting_date, planting_date, img) values (9, 'Carolina Horsenettle', 'Solanum carolinense L.', '2023-09-27', '2023-02-22', 'mandarina.jpg');
insert into cultivation (patch_id, name, variety, harvesting_date, planting_date, img) values (9, 'Lanceleaf Violet', 'Viola sublanceolata House (pro hybr.)', '2023-06-18', '2023-03-22', 'mandarina.jpg');
insert into cultivation (patch_id, name, variety, harvesting_date, planting_date, img) values (9, 'Yellowseed Fiddleleaf', 'Nama xylopodum (Wooton & Standl.) C.L. Hitchc.', '2023-08-30', '2023-01-15', 'mandarina.jpg');
insert into cultivation (patch_id, name, variety, harvesting_date, planting_date, img) values (9, 'Creamflower Rockcress', 'Arabis hirsuta (L.) Scop. var. pycnocarpa (M. Hopkins) Rollins', '2023-09-14', '2022-12-03', 'mandarina.jpg');
insert into cultivation (patch_id, name, variety, harvesting_date, planting_date, img) values (9, 'Plukenet''s Flatsedge', 'Cyperus plukenetii Fernald', '2023-10-30', '2023-01-19', 'mandarina.jpg');
insert into cultivation (patch_id, name, variety, harvesting_date, planting_date, img) values (10, 'Woollyhead Parsnip', 'Sphenosciadium capitellatum A. Gray', '2023-12-07', '2023-02-05', 'mandarina.jpg');
insert into cultivation (patch_id, name, variety, harvesting_date, planting_date, img) values (10, 'Grannyvine', 'Ipomoea tricolor Cav.', '2023-09-28', '2023-03-27', 'mandarina.jpg');
insert into cultivation (patch_id, name, variety, harvesting_date, planting_date, img) values (10, 'Cherangani Clover', 'Trifolium cheranganiense J.B. Gillett', '2023-09-25', '2022-12-31', 'mandarina.jpg');
insert into cultivation (patch_id, name, variety, harvesting_date, planting_date, img) values (10, 'Torrey''s Popcornflower', 'Plagiobothrys torreyi (A. Gray) A. Gray', '2023-08-18', '2022-11-13', 'mandarina.jpg');
insert into cultivation (patch_id, name, variety, harvesting_date, planting_date, img) values (10, 'Wingpetal', 'Heterosperma pinnatum Cav.', '2023-07-18', '2023-02-27', 'mandarina.jpg');


insert into patch_cultivation_history (cultivation_history_id, patch_id) values (1, 1);
insert into patch_cultivation_history (cultivation_history_id, patch_id) values (2, 1);
insert into patch_cultivation_history (cultivation_history_id, patch_id) values (3, 1);
insert into patch_cultivation_history (cultivation_history_id, patch_id) values (4, 1);
insert into patch_cultivation_history (cultivation_history_id, patch_id) values (5, 1);
insert into patch_cultivation_history (cultivation_history_id, patch_id) values (6, 2);
insert into patch_cultivation_history (cultivation_history_id, patch_id) values (7, 2);
insert into patch_cultivation_history (cultivation_history_id, patch_id) values (8, 2);
insert into patch_cultivation_history (cultivation_history_id, patch_id) values (9, 2);
insert into patch_cultivation_history (cultivation_history_id, patch_id) values (10, 2);
insert into patch_cultivation_history (cultivation_history_id, patch_id) values (11, 3);
insert into patch_cultivation_history (cultivation_history_id, patch_id) values (12, 3);
insert into patch_cultivation_history (cultivation_history_id, patch_id) values (13, 3);
insert into patch_cultivation_history (cultivation_history_id, patch_id) values (14, 3);
insert into patch_cultivation_history (cultivation_history_id, patch_id) values (15, 3);
insert into patch_cultivation_history (cultivation_history_id, patch_id) values (16, 4);
insert into patch_cultivation_history (cultivation_history_id, patch_id) values (17, 4);
insert into patch_cultivation_history (cultivation_history_id, patch_id) values (18, 4);
insert into patch_cultivation_history (cultivation_history_id, patch_id) values (19, 4);
insert into patch_cultivation_history (cultivation_history_id, patch_id) values (20, 4);
insert into patch_cultivation_history (cultivation_history_id, patch_id) values (21, 5);
insert into patch_cultivation_history (cultivation_history_id, patch_id) values (22, 5);
insert into patch_cultivation_history (cultivation_history_id, patch_id) values (23, 5);
insert into patch_cultivation_history (cultivation_history_id, patch_id) values (24, 5);
insert into patch_cultivation_history (cultivation_history_id, patch_id) values (25, 5);
insert into patch_cultivation_history (cultivation_history_id, patch_id) values (26, 6);
insert into patch_cultivation_history (cultivation_history_id, patch_id) values (27, 6);
insert into patch_cultivation_history (cultivation_history_id, patch_id) values (28, 6);
insert into patch_cultivation_history (cultivation_history_id, patch_id) values (29, 6);
insert into patch_cultivation_history (cultivation_history_id, patch_id) values (30, 6);
insert into patch_cultivation_history (cultivation_history_id, patch_id) values (31, 7);
insert into patch_cultivation_history (cultivation_history_id, patch_id) values (32, 7);
insert into patch_cultivation_history (cultivation_history_id, patch_id) values (33, 7);
insert into patch_cultivation_history (cultivation_history_id, patch_id) values (34, 7);
insert into patch_cultivation_history (cultivation_history_id, patch_id) values (35, 7);
insert into patch_cultivation_history (cultivation_history_id, patch_id) values (36, 8);
insert into patch_cultivation_history (cultivation_history_id, patch_id) values (37, 8);
insert into patch_cultivation_history (cultivation_history_id, patch_id) values (38, 8);
insert into patch_cultivation_history (cultivation_history_id, patch_id) values (39, 8);
insert into patch_cultivation_history (cultivation_history_id, patch_id) values (40, 8);
insert into patch_cultivation_history (cultivation_history_id, patch_id) values (41, 9);
insert into patch_cultivation_history (cultivation_history_id, patch_id) values (42, 9);
insert into patch_cultivation_history (cultivation_history_id, patch_id) values (43, 9);
insert into patch_cultivation_history (cultivation_history_id, patch_id) values (44, 9);
insert into patch_cultivation_history (cultivation_history_id, patch_id) values (45, 9);
insert into patch_cultivation_history (cultivation_history_id, patch_id) values (46, 10);
insert into patch_cultivation_history (cultivation_history_id, patch_id) values (47, 10);
insert into patch_cultivation_history (cultivation_history_id, patch_id) values (48, 10);
insert into patch_cultivation_history (cultivation_history_id, patch_id) values (49, 10);
insert into patch_cultivation_history (cultivation_history_id, patch_id) values (50, 10);

--UPDATES DE CULTIVO Y PARCELA
UPDATE PATCH SET CULTIVATION_ID = 1 WHERE ID = 1;
UPDATE PATCH SET CULTIVATION_ID = 2 WHERE ID = 2;
UPDATE PATCH SET CULTIVATION_ID = 3 WHERE ID = 3;
UPDATE PATCH SET CULTIVATION_ID = 4 WHERE ID = 4;
UPDATE PATCH SET CULTIVATION_ID = 5 WHERE ID = 5;
UPDATE PATCH SET CULTIVATION_ID = 6 WHERE ID = 6;
UPDATE PATCH SET CULTIVATION_ID = 7 WHERE ID = 7;
UPDATE PATCH SET CULTIVATION_ID = 8 WHERE ID = 8;
UPDATE PATCH SET CULTIVATION_ID = 9 WHERE ID = 9;
UPDATE PATCH SET CULTIVATION_ID = 10 WHERE ID = 10;
UPDATE PATCH SET CULTIVATION_ID = 11 WHERE ID = 11;
UPDATE PATCH SET CULTIVATION_ID = 12 WHERE ID = 12;
UPDATE PATCH SET CULTIVATION_ID = 13 WHERE ID = 13;
UPDATE PATCH SET CULTIVATION_ID = 14 WHERE ID = 14;
UPDATE PATCH SET CULTIVATION_ID = 15 WHERE ID = 15;
UPDATE PATCH SET CULTIVATION_ID = 16 WHERE ID = 11;
UPDATE PATCH SET CULTIVATION_ID = 17 WHERE ID = 17;
UPDATE PATCH SET CULTIVATION_ID = 18 WHERE ID = 18;
UPDATE PATCH SET CULTIVATION_ID = 19 WHERE ID = 19;
UPDATE PATCH SET CULTIVATION_ID = 20 WHERE ID = 20;
UPDATE PATCH SET CULTIVATION_ID = 21 WHERE ID = 21;
UPDATE PATCH SET CULTIVATION_ID = 22 WHERE ID = 22;
UPDATE PATCH SET CULTIVATION_ID = 23 WHERE ID = 23;
UPDATE PATCH SET CULTIVATION_ID = 24 WHERE ID = 24;
UPDATE PATCH SET CULTIVATION_ID = 25 WHERE ID = 25;
UPDATE PATCH SET CULTIVATION_ID = 26 WHERE ID = 26;
UPDATE PATCH SET CULTIVATION_ID = 27 WHERE ID = 27;
UPDATE PATCH SET CULTIVATION_ID = 28 WHERE ID = 28;
UPDATE PATCH SET CULTIVATION_ID = 29 WHERE ID = 29;
UPDATE PATCH SET CULTIVATION_ID = 30 WHERE ID = 30;
UPDATE PATCH SET CULTIVATION_ID = 31 WHERE ID = 31;
UPDATE PATCH SET CULTIVATION_ID = 32 WHERE ID = 32;
UPDATE PATCH SET CULTIVATION_ID = 33 WHERE ID = 33;
UPDATE PATCH SET CULTIVATION_ID = 34 WHERE ID = 34;
UPDATE PATCH SET CULTIVATION_ID = 35 WHERE ID = 35;
UPDATE PATCH SET CULTIVATION_ID = 36 WHERE ID = 36;
UPDATE PATCH SET CULTIVATION_ID = 37 WHERE ID = 37;
UPDATE PATCH SET CULTIVATION_ID = 38 WHERE ID = 38;
UPDATE PATCH SET CULTIVATION_ID = 39 WHERE ID = 39;
UPDATE PATCH SET CULTIVATION_ID = 40 WHERE ID = 40;
UPDATE PATCH SET CULTIVATION_ID = 41 WHERE ID = 41;
UPDATE PATCH SET CULTIVATION_ID = 42 WHERE ID = 42;
UPDATE PATCH SET CULTIVATION_ID = 43 WHERE ID = 43;
UPDATE PATCH SET CULTIVATION_ID = 44 WHERE ID = 44;
UPDATE PATCH SET CULTIVATION_ID = 45 WHERE ID = 45;
UPDATE PATCH SET CULTIVATION_ID = 46 WHERE ID = 46;
UPDATE PATCH SET CULTIVATION_ID = 47 WHERE ID = 47;
UPDATE PATCH SET CULTIVATION_ID = 48 WHERE ID = 48;
UPDATE PATCH SET CULTIVATION_ID = 49 WHERE ID = 49;
UPDATE PATCH SET CULTIVATION_ID = 50 WHERE ID = 50;


--Tablas intermedias entre CULTIVO y PATCH



--Tablas intermedias entre GARDEN y PATCH

insert into vegetable_garden_patch_list (vegetable_garden_id, patch_list_id) values (19, 1);
insert into vegetable_garden_patch_list (vegetable_garden_id, patch_list_id) values (5, 2);
insert into vegetable_garden_patch_list (vegetable_garden_id, patch_list_id) values (6, 3);
insert into vegetable_garden_patch_list (vegetable_garden_id, patch_list_id) values (6, 4);
insert into vegetable_garden_patch_list (vegetable_garden_id, patch_list_id) values (18, 5);
insert into vegetable_garden_patch_list (vegetable_garden_id, patch_list_id) values (15, 6);
insert into vegetable_garden_patch_list (vegetable_garden_id, patch_list_id) values (3, 7);
insert into vegetable_garden_patch_list (vegetable_garden_id, patch_list_id) values (15, 8);
insert into vegetable_garden_patch_list (vegetable_garden_id, patch_list_id) values (13, 9);
insert into vegetable_garden_patch_list (vegetable_garden_id, patch_list_id) values (7, 10);
insert into vegetable_garden_patch_list (vegetable_garden_id, patch_list_id) values (12, 11);
insert into vegetable_garden_patch_list (vegetable_garden_id, patch_list_id) values (2, 12);
insert into vegetable_garden_patch_list (vegetable_garden_id, patch_list_id) values (6, 13);
insert into vegetable_garden_patch_list (vegetable_garden_id, patch_list_id) values (4, 14);
insert into vegetable_garden_patch_list (vegetable_garden_id, patch_list_id) values (4, 15);
insert into vegetable_garden_patch_list (vegetable_garden_id, patch_list_id) values (17, 16);
insert into vegetable_garden_patch_list (vegetable_garden_id, patch_list_id) values (14, 17);
insert into vegetable_garden_patch_list (vegetable_garden_id, patch_list_id) values (10, 18);
insert into vegetable_garden_patch_list (vegetable_garden_id, patch_list_id) values (20, 19);
insert into vegetable_garden_patch_list (vegetable_garden_id, patch_list_id) values (13, 20);
insert into vegetable_garden_patch_list (vegetable_garden_id, patch_list_id) values (20, 21);
insert into vegetable_garden_patch_list (vegetable_garden_id, patch_list_id) values (10, 22);
insert into vegetable_garden_patch_list (vegetable_garden_id, patch_list_id) values (6, 23);
insert into vegetable_garden_patch_list (vegetable_garden_id, patch_list_id) values (7, 24);
insert into vegetable_garden_patch_list (vegetable_garden_id, patch_list_id) values (15, 25);
insert into vegetable_garden_patch_list (vegetable_garden_id, patch_list_id) values (17, 26);
insert into vegetable_garden_patch_list (vegetable_garden_id, patch_list_id) values (11, 27);
insert into vegetable_garden_patch_list (vegetable_garden_id, patch_list_id) values (2, 28);
insert into vegetable_garden_patch_list (vegetable_garden_id, patch_list_id) values (13, 29);
insert into vegetable_garden_patch_list (vegetable_garden_id, patch_list_id) values (7, 30);
insert into vegetable_garden_patch_list (vegetable_garden_id, patch_list_id) values (1, 31);
insert into vegetable_garden_patch_list (vegetable_garden_id, patch_list_id) values (10, 32);
insert into vegetable_garden_patch_list (vegetable_garden_id, patch_list_id) values (19, 33);
insert into vegetable_garden_patch_list (vegetable_garden_id, patch_list_id) values (18, 34);
insert into vegetable_garden_patch_list (vegetable_garden_id, patch_list_id) values (9, 35);
insert into vegetable_garden_patch_list (vegetable_garden_id, patch_list_id) values (8, 36);
insert into vegetable_garden_patch_list (vegetable_garden_id, patch_list_id) values (10, 37);
insert into vegetable_garden_patch_list (vegetable_garden_id, patch_list_id) values (11, 38);
insert into vegetable_garden_patch_list (vegetable_garden_id, patch_list_id) values (18, 39);
insert into vegetable_garden_patch_list (vegetable_garden_id, patch_list_id) values (10, 40);
insert into vegetable_garden_patch_list (vegetable_garden_id, patch_list_id) values (7, 41);
insert into vegetable_garden_patch_list (vegetable_garden_id, patch_list_id) values (8, 42);
insert into vegetable_garden_patch_list (vegetable_garden_id, patch_list_id) values (14, 43);
insert into vegetable_garden_patch_list (vegetable_garden_id, patch_list_id) values (6, 44);
insert into vegetable_garden_patch_list (vegetable_garden_id, patch_list_id) values (4, 45);
insert into vegetable_garden_patch_list (vegetable_garden_id, patch_list_id) values (1, 46);
insert into vegetable_garden_patch_list (vegetable_garden_id, patch_list_id) values (15, 47);
insert into vegetable_garden_patch_list (vegetable_garden_id, patch_list_id) values (20, 48);
insert into vegetable_garden_patch_list (vegetable_garden_id, patch_list_id) values (14, 49);
insert into vegetable_garden_patch_list (vegetable_garden_id, patch_list_id) values (18, 50);

insert into note (title, content, cultivation_id, last_modified_date) values ('Tramadol hydrochloride and acetaminophen', 'error: Field ''fake_sentence'' not found', 1, '2023-03-21');
insert into note (title, content, cultivation_id, last_modified_date) values ('Verapamil Hydrochloride', 'error: Field ''fake_sentence'' not found', 2, '2022-06-20');
insert into note (title, content, cultivation_id, last_modified_date) values ('Cavity Protection', 'error: Field ''fake_sentence'' not found', 3, '2022-11-14');
insert into note (title, content, cultivation_id, last_modified_date) values ('Hydrocodone Bitartrate and Acetaminophen', 'error: Field ''fake_sentence'' not found', 4, '2023-01-31');
insert into note (title, content, cultivation_id, last_modified_date) values ('Soothing Day SPF 15', 'error: Field ''fake_sentence'' not found', 5, '2022-08-05');
insert into note (title, content, cultivation_id, last_modified_date) values ('Quflora Pediatric Drops', 'error: Field ''fake_sentence'' not found', 6, '2022-06-18');
insert into note (title, content, cultivation_id, last_modified_date) values ('Lithium Carbonate', 'error: Field ''fake_sentence'' not found', 7, '2022-05-29');
insert into note (title, content, cultivation_id, last_modified_date) values ('OBLITERATE', 'error: Field ''fake_sentence'' not found', 8, '2023-05-06');
insert into note (title, content, cultivation_id, last_modified_date) values ('Ocean Potion 50 Instant Dry Kid Spotstick', 'error: Field ''fake_sentence'' not found', 9, '2021-11-20');
insert into note (title, content, cultivation_id, last_modified_date) values ('LAMICTAL', 'error: Field ''fake_sentence'' not found', 10, '2022-07-26');
insert into note (title, content, cultivation_id, last_modified_date) values ('AGGRASTAT', 'error: Field ''fake_sentence'' not found', 11, '2022-01-27');
insert into note (title, content, cultivation_id, last_modified_date) values ('Blood Culture Prep Kit', 'error: Field ''fake_sentence'' not found', 12, '2022-04-04');
insert into note (title, content, cultivation_id, last_modified_date) values ('Ziprasidone Hydrochloride', 'error: Field ''fake_sentence'' not found', 13, '2022-12-06');
insert into note (title, content, cultivation_id, last_modified_date) values ('Amlodipine Besylate', 'error: Field ''fake_sentence'' not found', 14, '2022-07-18');
insert into note (title, content, cultivation_id, last_modified_date) values ('Tendon Rescue', 'error: Field ''fake_sentence'' not found', 15, '2023-02-17');
insert into note (title, content, cultivation_id, last_modified_date) values ('Tussi Pres', 'error: Field ''fake_sentence'' not found', 16, '2023-05-21');
insert into note (title, content, cultivation_id, last_modified_date) values ('Berkley and Jensen Allergy Relief', 'error: Field ''fake_sentence'' not found', 17, '2021-12-10');
insert into note (title, content, cultivation_id, last_modified_date) values ('Lisinopril and Hydrochlorothiazide', 'error: Field ''fake_sentence'' not found', 18, '2022-09-18');
insert into note (title, content, cultivation_id, last_modified_date) values ('THE QUEEN ROSE', 'error: Field ''fake_sentence'' not found', 19, '2022-06-15');
insert into note (title, content, cultivation_id, last_modified_date) values ('PROMETHAZINE HYDROCHLORIDE', 'error: Field ''fake_sentence'' not found', 20, '2022-06-04');
insert into note (title, content, cultivation_id, last_modified_date) values ('DG Health migraine relief', 'error: Field ''fake_sentence'' not found', 21, '2022-12-31');
insert into note (title, content, cultivation_id, last_modified_date) values ('Sheer Cover Shade Adapting Mineral Foundation', 'error: Field ''fake_sentence'' not found', 22, '2022-05-26');
insert into note (title, content, cultivation_id, last_modified_date) values ('Gabapentin', 'error: Field ''fake_sentence'' not found', 23, '2022-07-02');
insert into note (title, content, cultivation_id, last_modified_date) values ('Real Deal Foundation', 'error: Field ''fake_sentence'' not found', 24, '2022-10-19');
insert into note (title, content, cultivation_id, last_modified_date) values ('Fluoxetine', 'error: Field ''fake_sentence'' not found', 25, '2021-11-28');
insert into note (title, content, cultivation_id, last_modified_date) values ('HYDRA LIFE BASE DE TEINT SERUM', 'error: Field ''fake_sentence'' not found', 26, '2022-02-27');
insert into note (title, content, cultivation_id, last_modified_date) values ('ADSOL Red Cell Preservation Solution System in Plastic Container (PL 146 Plastic)', 'error: Field ''fake_sentence'' not found', 27, '2021-11-28');
insert into note (title, content, cultivation_id, last_modified_date) values ('Clorazepate Dipotassium', 'error: Field ''fake_sentence'' not found', 28, '2022-11-29');
insert into note (title, content, cultivation_id, last_modified_date) values ('Dicyclomine', 'error: Field ''fake_sentence'' not found', 29, '2022-05-11');
insert into note (title, content, cultivation_id, last_modified_date) values ('Thioridazine Hydrochloride', 'error: Field ''fake_sentence'' not found', 30, '2022-11-04');
insert into note (title, content, cultivation_id, last_modified_date) values ('Ramipril', 'error: Field ''fake_sentence'' not found', 31, '2022-10-26');
insert into note (title, content, cultivation_id, last_modified_date) values ('Zeel', 'error: Field ''fake_sentence'' not found', 32, '2022-01-30');
insert into note (title, content, cultivation_id, last_modified_date) values ('NARS FOUNDATION', 'error: Field ''fake_sentence'' not found', 33, '2022-06-26');
insert into note (title, content, cultivation_id, last_modified_date) values ('GIANVI', 'error: Field ''fake_sentence'' not found', 34, '2023-06-02');
insert into note (title, content, cultivation_id, last_modified_date) values ('Glytone acne 3P', 'error: Field ''fake_sentence'' not found', 35, '2023-04-19');
insert into note (title, content, cultivation_id, last_modified_date) values ('Klor-Con M10', 'error: Field ''fake_sentence'' not found', 36, '2023-02-06');
insert into note (title, content, cultivation_id, last_modified_date) values ('Aspirin', 'error: Field ''fake_sentence'' not found', 37, '2022-12-28');
insert into note (title, content, cultivation_id, last_modified_date) values ('BENZTROPINE MESYLATE', 'error: Field ''fake_sentence'' not found', 38, '2022-12-07');
insert into note (title, content, cultivation_id, last_modified_date) values ('HES CLEAN EVE', 'error: Field ''fake_sentence'' not found', 39, '2022-12-04');
insert into note (title, content, cultivation_id, last_modified_date) values ('Nitrogen', 'error: Field ''fake_sentence'' not found', 40, '2023-04-26');
insert into note (title, content, cultivation_id, last_modified_date) values ('Gabapentin', 'error: Field ''fake_sentence'' not found', 41, '2021-12-27');
insert into note (title, content, cultivation_id, last_modified_date) values ('Black Birch', 'error: Field ''fake_sentence'' not found', 42, '2022-12-05');
insert into note (title, content, cultivation_id, last_modified_date) values ('Metoprolol Tartrate', 'error: Field ''fake_sentence'' not found', 43, '2023-04-25');
insert into note (title, content, cultivation_id, last_modified_date) values ('BSS', 'error: Field ''fake_sentence'' not found', 44, '2022-08-06');
insert into note (title, content, cultivation_id, last_modified_date) values ('Equate Anti-Wrinkle', 'error: Field ''fake_sentence'' not found', 45, '2021-12-25');
insert into note (title, content, cultivation_id, last_modified_date) values ('ENALAPRIL MALEATE', 'error: Field ''fake_sentence'' not found', 46, '2022-11-28');
insert into note (title, content, cultivation_id, last_modified_date) values ('Lorazepam', 'error: Field ''fake_sentence'' not found', 47, '2022-04-06');
insert into note (title, content, cultivation_id, last_modified_date) values ('Mesna', 'error: Field ''fake_sentence'' not found', 48, '2021-11-21');
insert into note (title, content, cultivation_id, last_modified_date) values ('Perrigo Citalopram', 'error: Field ''fake_sentence'' not found', 49, '2023-04-08');
insert into note (title, content, cultivation_id, last_modified_date) values ('OraLine-Secure', 'error: Field ''fake_sentence'' not found', 50, '2022-07-30');
insert into note (title, content, cultivation_id, last_modified_date) values ('Pain Relief', 'error: Field ''fake_sentence'' not found', 51, '2023-06-12');
insert into note (title, content, cultivation_id, last_modified_date) values ('Neutrogena Ultra Sheer Body Mist Sunscreen', 'error: Field ''fake_sentence'' not found', 52, '2022-06-03');
insert into note (title, content, cultivation_id, last_modified_date) values ('CONDITION AND ENHANCE SYSTEM', 'error: Field ''fake_sentence'' not found', 53, '2022-04-17');
insert into note (title, content, cultivation_id, last_modified_date) values ('Extra Strength Acetaminophen', 'error: Field ''fake_sentence'' not found', 54, '2022-04-30');
insert into note (title, content, cultivation_id, last_modified_date) values ('Noxzema', 'error: Field ''fake_sentence'' not found', 55, '2022-01-15');
insert into note (title, content, cultivation_id, last_modified_date) values ('Ciprofloxacin hydrochloride', 'error: Field ''fake_sentence'' not found', 56, '2022-02-18');
insert into note (title, content, cultivation_id, last_modified_date) values ('Cefadroxil', 'error: Field ''fake_sentence'' not found', 57, '2022-03-22');
insert into note (title, content, cultivation_id, last_modified_date) values ('Sage Mixture', 'error: Field ''fake_sentence'' not found', 58, '2022-12-06');
insert into note (title, content, cultivation_id, last_modified_date) values ('Odorless Hand Sanitizer Foam', 'error: Field ''fake_sentence'' not found', 59, '2022-11-08');
insert into note (title, content, cultivation_id, last_modified_date) values ('Acetaminophen And Codeine', 'error: Field ''fake_sentence'' not found', 60, '2021-11-25');
insert into note (title, content, cultivation_id, last_modified_date) values ('Flumazenil', 'error: Field ''fake_sentence'' not found', 61, '2022-05-07');
insert into note (title, content, cultivation_id, last_modified_date) values ('Solar Protection Formula SPF 60 Tinted Concealer - (Blush)', 'error: Field ''fake_sentence'' not found', 62, '2022-03-25');
insert into note (title, content, cultivation_id, last_modified_date) values ('Good Sense Acid Reducer', 'error: Field ''fake_sentence'' not found', 63, '2022-10-05');
insert into note (title, content, cultivation_id, last_modified_date) values ('Equate Cimetidine', 'error: Field ''fake_sentence'' not found', 64, '2022-01-19');
insert into note (title, content, cultivation_id, last_modified_date) values ('RHIZOPUS ARRHIZUS VAR ARRHIZUS', 'error: Field ''fake_sentence'' not found', 65, '2021-12-07');
insert into note (title, content, cultivation_id, last_modified_date) values ('Analgesic', 'error: Field ''fake_sentence'' not found', 66, '2022-10-01');
insert into note (title, content, cultivation_id, last_modified_date) values ('SOMAVERT', 'error: Field ''fake_sentence'' not found', 67, '2023-01-03');
insert into note (title, content, cultivation_id, last_modified_date) values ('advanced firming and anti wrinkle', 'error: Field ''fake_sentence'' not found', 68, '2022-07-02');
insert into note (title, content, cultivation_id, last_modified_date) values ('Crest Pro-Health', 'error: Field ''fake_sentence'' not found', 69, '2022-06-17');
insert into note (title, content, cultivation_id, last_modified_date) values ('Antiperspirant', 'error: Field ''fake_sentence'' not found', 70, '2022-10-29');
insert into note (title, content, cultivation_id, last_modified_date) values ('Simethicone', 'error: Field ''fake_sentence'' not found', 71, '2022-12-12');
insert into note (title, content, cultivation_id, last_modified_date) values ('Eszopiclone', 'error: Field ''fake_sentence'' not found', 72, '2022-12-10');
insert into note (title, content, cultivation_id, last_modified_date) values ('NorelCS', 'error: Field ''fake_sentence'' not found', 73, '2022-06-11');
insert into note (title, content, cultivation_id, last_modified_date) values ('LBEL FILLING EFFECT FOUNDATION SPF 10', 'error: Field ''fake_sentence'' not found', 74, '2022-03-20');
insert into note (title, content, cultivation_id, last_modified_date) values ('Viagra', 'error: Field ''fake_sentence'' not found', 75, '2022-10-07');
insert into note (title, content, cultivation_id, last_modified_date) values ('ATACAND HCT', 'error: Field ''fake_sentence'' not found', 76, '2022-07-02');
insert into note (title, content, cultivation_id, last_modified_date) values ('Levofloxacin', 'error: Field ''fake_sentence'' not found', 77, '2022-08-28');
insert into note (title, content, cultivation_id, last_modified_date) values ('healthy accents day time night time', 'error: Field ''fake_sentence'' not found', 78, '2022-10-30');
insert into note (title, content, cultivation_id, last_modified_date) values ('MORPHINE SULFATE', 'error: Field ''fake_sentence'' not found', 79, '2022-04-15');
insert into note (title, content, cultivation_id, last_modified_date) values ('Aplicare Antiseptic Chlorhexidine Gluconate', 'error: Field ''fake_sentence'' not found', 80, '2022-11-09');
insert into note (title, content, cultivation_id, last_modified_date) values ('4-PINE MIX, AUSTRIAN/LOBLOLLY/SCOTCH/WHITE POLLEN', 'error: Field ''fake_sentence'' not found', 81, '2022-05-29');
insert into note (title, content, cultivation_id, last_modified_date) values ('EROS EXTENDED LOVE', 'error: Field ''fake_sentence'' not found', 82, '2023-03-08');
insert into note (title, content, cultivation_id, last_modified_date) values ('HAND AND NATURE SANITIZER', 'error: Field ''fake_sentence'' not found', 83, '2023-04-28');
insert into note (title, content, cultivation_id, last_modified_date) values ('ACETAMINOPHEN (RED)', 'error: Field ''fake_sentence'' not found', 84, '2022-05-22');
insert into note (title, content, cultivation_id, last_modified_date) values ('Ibuprofen', 'error: Field ''fake_sentence'' not found', 85, '2022-05-16');
insert into note (title, content, cultivation_id, last_modified_date) values ('Greasewood', 'error: Field ''fake_sentence'' not found', 86, '2022-10-07');
insert into note (title, content, cultivation_id, last_modified_date) values ('Sulphur', 'error: Field ''fake_sentence'' not found', 87, '2022-12-11');
insert into note (title, content, cultivation_id, last_modified_date) values ('Antacid', 'error: Field ''fake_sentence'' not found', 88, '2022-03-02');
insert into note (title, content, cultivation_id, last_modified_date) values ('No7 Lift and Luminate Foundation Sunscreen Broad Spectrum SPF 15 Latte', 'error: Field ''fake_sentence'' not found', 89, '2022-10-12');
insert into note (title, content, cultivation_id, last_modified_date) values ('AGE DEFYING HYDRATING SUNSCREEN', 'error: Field ''fake_sentence'' not found', 90, '2022-01-28');
insert into note (title, content, cultivation_id, last_modified_date) values ('Bacteria-Chord', 'error: Field ''fake_sentence'' not found', 91, '2022-09-07');
insert into note (title, content, cultivation_id, last_modified_date) values ('Hydromorphone Hydrochloride', 'error: Field ''fake_sentence'' not found', 92, '2022-10-13');
insert into note (title, content, cultivation_id, last_modified_date) values ('simvastatin', 'error: Field ''fake_sentence'' not found', 93, '2022-08-22');
insert into note (title, content, cultivation_id, last_modified_date) values ('MAKESENSE', 'error: Field ''fake_sentence'' not found', 94, '2021-12-18');
insert into note (title, content, cultivation_id, last_modified_date) values ('Antispetic', 'error: Field ''fake_sentence'' not found', 95, '2022-08-21');
insert into note (title, content, cultivation_id, last_modified_date) values ('CLEARING TONIC', 'error: Field ''fake_sentence'' not found', 96, '2022-06-10');
insert into note (title, content, cultivation_id, last_modified_date) values ('Botrytis cinerea', 'error: Field ''fake_sentence'' not found', 97, '2022-08-27');
insert into note (title, content, cultivation_id, last_modified_date) values ('MISOPROSTOL', 'error: Field ''fake_sentence'' not found', 98, '2022-07-25');
insert into note (title, content, cultivation_id, last_modified_date) values ('Absorbine Jr. Extra Strength', 'error: Field ''fake_sentence'' not found', 99, '2022-10-05');
insert into note (title, content, cultivation_id, last_modified_date) values ('BETULA LENTA POLLEN', 'error: Field ''fake_sentence'' not found', 100, '2022-10-21');


insert into cultivation_note_list (note_list_id, cultivation_id) values (1, 1);
insert into cultivation_note_list (note_list_id, cultivation_id) values (2, 2);
insert into cultivation_note_list (note_list_id, cultivation_id) values (3, 3);
insert into cultivation_note_list (note_list_id, cultivation_id) values (4, 4);
insert into cultivation_note_list (note_list_id, cultivation_id) values (5, 5);
insert into cultivation_note_list (note_list_id, cultivation_id) values (6, 6);
insert into cultivation_note_list (note_list_id, cultivation_id) values (7, 7);
insert into cultivation_note_list (note_list_id, cultivation_id) values (8, 8);
insert into cultivation_note_list (note_list_id, cultivation_id) values (9, 9);
insert into cultivation_note_list (note_list_id, cultivation_id) values (10, 10);
insert into cultivation_note_list (note_list_id, cultivation_id) values (11, 11);
insert into cultivation_note_list (note_list_id, cultivation_id) values (12, 12);
insert into cultivation_note_list (note_list_id, cultivation_id) values (13, 13);
insert into cultivation_note_list (note_list_id, cultivation_id) values (14, 14);
insert into cultivation_note_list (note_list_id, cultivation_id) values (15, 15);
insert into cultivation_note_list (note_list_id, cultivation_id) values (16, 16);
insert into cultivation_note_list (note_list_id, cultivation_id) values (17, 17);
insert into cultivation_note_list (note_list_id, cultivation_id) values (18, 18);
insert into cultivation_note_list (note_list_id, cultivation_id) values (19, 19);
insert into cultivation_note_list (note_list_id, cultivation_id) values (20, 20);
insert into cultivation_note_list (note_list_id, cultivation_id) values (21, 21);
insert into cultivation_note_list (note_list_id, cultivation_id) values (22, 22);
insert into cultivation_note_list (note_list_id, cultivation_id) values (23, 23);
insert into cultivation_note_list (note_list_id, cultivation_id) values (24, 24);
insert into cultivation_note_list (note_list_id, cultivation_id) values (25, 25);
insert into cultivation_note_list (note_list_id, cultivation_id) values (26, 26);
insert into cultivation_note_list (note_list_id, cultivation_id) values (27, 27);
insert into cultivation_note_list (note_list_id, cultivation_id) values (28, 28);
insert into cultivation_note_list (note_list_id, cultivation_id) values (29, 29);
insert into cultivation_note_list (note_list_id, cultivation_id) values (30, 30);
insert into cultivation_note_list (note_list_id, cultivation_id) values (31, 31);
insert into cultivation_note_list (note_list_id, cultivation_id) values (32, 32);
insert into cultivation_note_list (note_list_id, cultivation_id) values (33, 33);
insert into cultivation_note_list (note_list_id, cultivation_id) values (34, 34);
insert into cultivation_note_list (note_list_id, cultivation_id) values (35, 35);
insert into cultivation_note_list (note_list_id, cultivation_id) values (36, 36);
insert into cultivation_note_list (note_list_id, cultivation_id) values (37, 37);
insert into cultivation_note_list (note_list_id, cultivation_id) values (38, 38);
insert into cultivation_note_list (note_list_id, cultivation_id) values (39, 39);
insert into cultivation_note_list (note_list_id, cultivation_id) values (40, 40);
insert into cultivation_note_list (note_list_id, cultivation_id) values (41, 41);
insert into cultivation_note_list (note_list_id, cultivation_id) values (42, 42);
insert into cultivation_note_list (note_list_id, cultivation_id) values (43, 43);
insert into cultivation_note_list (note_list_id, cultivation_id) values (44, 44);
insert into cultivation_note_list (note_list_id, cultivation_id) values (45, 45);
insert into cultivation_note_list (note_list_id, cultivation_id) values (46, 46);
insert into cultivation_note_list (note_list_id, cultivation_id) values (47, 47);
insert into cultivation_note_list (note_list_id, cultivation_id) values (48, 48);
insert into cultivation_note_list (note_list_id, cultivation_id) values (49, 49);
insert into cultivation_note_list (note_list_id, cultivation_id) values (50, 50);
insert into cultivation_note_list (note_list_id, cultivation_id) values (51, 51);
insert into cultivation_note_list (note_list_id, cultivation_id) values (52, 52);
insert into cultivation_note_list (note_list_id, cultivation_id) values (53, 53);
insert into cultivation_note_list (note_list_id, cultivation_id) values (54, 54);
insert into cultivation_note_list (note_list_id, cultivation_id) values (55, 55);
insert into cultivation_note_list (note_list_id, cultivation_id) values (56, 56);
insert into cultivation_note_list (note_list_id, cultivation_id) values (57, 57);
insert into cultivation_note_list (note_list_id, cultivation_id) values (58, 58);
insert into cultivation_note_list (note_list_id, cultivation_id) values (59, 59);
insert into cultivation_note_list (note_list_id, cultivation_id) values (60, 60);
insert into cultivation_note_list (note_list_id, cultivation_id) values (61, 61);
insert into cultivation_note_list (note_list_id, cultivation_id) values (62, 62);
insert into cultivation_note_list (note_list_id, cultivation_id) values (63, 63);
insert into cultivation_note_list (note_list_id, cultivation_id) values (64, 64);
insert into cultivation_note_list (note_list_id, cultivation_id) values (65, 65);
insert into cultivation_note_list (note_list_id, cultivation_id) values (66, 66);
insert into cultivation_note_list (note_list_id, cultivation_id) values (67, 67);
insert into cultivation_note_list (note_list_id, cultivation_id) values (68, 68);
insert into cultivation_note_list (note_list_id, cultivation_id) values (69, 69);
insert into cultivation_note_list (note_list_id, cultivation_id) values (70, 70);
insert into cultivation_note_list (note_list_id, cultivation_id) values (71, 71);
insert into cultivation_note_list (note_list_id, cultivation_id) values (72, 72);
insert into cultivation_note_list (note_list_id, cultivation_id) values (73, 73);
insert into cultivation_note_list (note_list_id, cultivation_id) values (74, 74);
insert into cultivation_note_list (note_list_id, cultivation_id) values (75, 75);
insert into cultivation_note_list (note_list_id, cultivation_id) values (76, 76);
insert into cultivation_note_list (note_list_id, cultivation_id) values (77, 77);
insert into cultivation_note_list (note_list_id, cultivation_id) values (78, 78);
insert into cultivation_note_list (note_list_id, cultivation_id) values (79, 79);
insert into cultivation_note_list (note_list_id, cultivation_id) values (80, 80);
insert into cultivation_note_list (note_list_id, cultivation_id) values (81, 81);
insert into cultivation_note_list (note_list_id, cultivation_id) values (82, 82);
insert into cultivation_note_list (note_list_id, cultivation_id) values (83, 83);
insert into cultivation_note_list (note_list_id, cultivation_id) values (84, 84);
insert into cultivation_note_list (note_list_id, cultivation_id) values (85, 85);
insert into cultivation_note_list (note_list_id, cultivation_id) values (86, 86);
insert into cultivation_note_list (note_list_id, cultivation_id) values (87, 87);
insert into cultivation_note_list (note_list_id, cultivation_id) values (88, 88);
insert into cultivation_note_list (note_list_id, cultivation_id) values (89, 89);
insert into cultivation_note_list (note_list_id, cultivation_id) values (90, 90);
insert into cultivation_note_list (note_list_id, cultivation_id) values (91, 91);
insert into cultivation_note_list (note_list_id, cultivation_id) values (92, 92);
insert into cultivation_note_list (note_list_id, cultivation_id) values (93, 93);
insert into cultivation_note_list (note_list_id, cultivation_id) values (94, 94);
insert into cultivation_note_list (note_list_id, cultivation_id) values (95, 95);
insert into cultivation_note_list (note_list_id, cultivation_id) values (96, 96);
insert into cultivation_note_list (note_list_id, cultivation_id) values (97, 97);
insert into cultivation_note_list (note_list_id, cultivation_id) values (98, 98);
insert into cultivation_note_list (note_list_id, cultivation_id) values (99, 99);
insert into cultivation_note_list (note_list_id, cultivation_id) values (100, 100);